Name,Path to File,Sub-Theme Name,Variable Name,Description,Time Period,Climate Model,RCP,Crop,Water Supply,Input Level,Data  Units,Recommended Renderer,Download URL,File Identifier
alfa200a_wde,\res02\CRUTS32\Hist\8110H\alfa200a_wde.tif,Growth Cycle Attributes,Crop water deficit (mm),Crop water deficit (mm) for the time period 1981-2010 for Alfalfa with an Available water content of 200 mm/m (under irrigation conditions) and high input level using climate data source CRUTS32 based on Historical,1981-2010,CRUTS32,Historical,Alfalfa,Available water content of 200 mm/m (under irrigation conditions),High,mm,Growth Cycle Attributes - Precipitation, https://s3.eu-west-1.amazonaws.com/data.gaezdev.aws.fao.org/res02/CRUTS32/Hist/8110H/alfa200a_wde.tif,000271704
alfa200b_wde,\res02\CRUTS32\Hist\8110H\alfa200b_wde.tif,Growth Cycle Attributes,Crop water deficit (mm),Crop water deficit (mm) for the time period 1981-2010 for Alfalfa with an Available water content of 200 mm/m (under rain-fed conditions) and high input level using climate data source CRUTS32 based on Historical,1981-2010,CRUTS32,Historical,Alfalfa,Available water content of 200 mm/m (under rain-fed conditions),High,mm,Growth Cycle Attributes - Precipitation, https://s3.eu-west-1.amazonaws.com/data.gaezdev.aws.fao.org/res02/CRUTS32/Hist/8110H/alfa200b_wde.tif,000274031
bana200a_wde,\res02\CRUTS32\Hist\8110H\bana200a_wde.tif,Growth Cycle Attributes,Crop water deficit (mm),Crop water deficit (mm) for the time period 1981-2010 for Banana with an Available water content of 200 mm/m (under irrigation conditions) and high input level using climate data source CRUTS32 based on Historical,1981-2010,CRUTS32,Historical,Banana,Available water content of 200 mm/m (under irrigation conditions),High,mm,Growth Cycle Attributes - Precipitation, https://s3.eu-west-1.amazonaws.com/data.gaezdev.aws.fao.org/res02/CRUTS32/Hist/8110H/bana200a_wde.tif,000276403
bana200b_wde,\res02\CRUTS32\Hist\8110H\bana200b_wde.tif,Growth Cycle Attributes,Crop water deficit (mm),Crop water deficit (mm) for the time period 1981-2010 for Banana with an Available water content of 200 mm/m (under rain-fed conditions) and high input level using climate data source CRUTS32 based on Historical,1981-2010,CRUTS32,Historical,Banana,Available water content of 200 mm/m (under rain-fed conditions),High,mm,Growth Cycle Attributes - Precipitation, https://s3.eu-west-1.amazonaws.com/data.gaezdev.aws.fao.org/res02/CRUTS32/Hist/8110H/bana200b_wde.tif,000275544
barl200a_wde,\res02\CRUTS32\Hist\8110H\barl200a_wde.tif,Growth Cycle Attributes,Crop water deficit (mm),Crop water deficit (mm) for the time period 1981-2010 for Barley with an Available water content of 200 mm/m (under irrigation conditions) and high input level using climate data source CRUTS32 based on Historical,1981-2010,CRUTS32,Historical,Barley,Available water content of 200 mm/m (under irrigation conditions),High,mm,Growth Cycle Attributes - Precipitation, https://s3.eu-west-1.amazonaws.com/data.gaezdev.aws.fao.org/res02/CRUTS32/Hist/8110H/barl200a_wde.tif,000274485
barl200b_wde,\res02\CRUTS32\Hist\8110H\barl200b_wde.tif,Growth Cycle Attributes,Crop water deficit (mm),Crop water deficit (mm) for the time period 1981-2010 for Barley with an Available water content of 200 mm/m (under rain-fed conditions) and high input level using climate data source CRUTS32 based on Historical,1981-2010,CRUTS32,Historical,Barley,Available water content of 200 mm/m (under rain-fed conditions),High,mm,Growth Cycle Attributes - Precipitation, https://s3.eu-west-1.amazonaws.com/data.gaezdev.aws.fao.org/res02/CRUTS32/Hist/8110H/barl200b_wde.tif,000275686
bckw200a_wde,\res02\CRUTS32\Hist\8110H\bckw200a_wde.tif,Growth Cycle Attributes,Crop water deficit (mm),Crop water deficit (mm) for the time period 1981-2010 for Buckwheat with an Available water content of 200 mm/m (under irrigation conditions) and high input level using climate data source CRUTS32 based on Historical,1981-2010,CRUTS32,Historical,Buckwheat,Available water content of 200 mm/m (under irrigation conditions),High,mm,Growth Cycle Attributes - Precipitation, https://s3.eu-west-1.amazonaws.com/data.gaezdev.aws.fao.org/res02/CRUTS32/Hist/8110H/bckw200a_wde.tif,000273573
bckw200b_wde,\res02\CRUTS32\Hist\8110H\bckw200b_wde.tif,Growth Cycle Attributes,Crop water deficit (mm),Crop water deficit (mm) for the time period 1981-2010 for Buckwheat with an Available water content of 200 mm/m (under rain-fed conditions) and high input level using climate data source CRUTS32 based on Historical,1981-2010,CRUTS32,Historical,Buckwheat,Available water content of 200 mm/m (under rain-fed conditions),High,mm,Growth Cycle Attributes - Precipitation, https://s3.eu-west-1.amazonaws.com/data.gaezdev.aws.fao.org/res02/CRUTS32/Hist/8110H/bckw200b_wde.tif,000272659
bean200a_wde,\res02\CRUTS32\Hist\8110H\bean200a_wde.tif,Growth Cycle Attributes,Crop water deficit (mm),Crop water deficit (mm) for the time period 1981-2010 for Phaseolus bean with an Available water content of 200 mm/m (under irrigation conditions) and high input level using climate data source CRUTS32 based on Historical,1981-2010,CRUTS32,Historical,Phaseolus bean,Available water content of 200 mm/m (under irrigation conditions),High,mm,Growth Cycle Attributes - Precipitation, https://s3.eu-west-1.amazonaws.com/data.gaezdev.aws.fao.org/res02/CRUTS32/Hist/8110H/bean200a_wde.tif,000272974
bean200b_wde,\res02\CRUTS32\Hist\8110H\bean200b_wde.tif,Growth Cycle Attributes,Crop water deficit (mm),Crop water deficit (mm) for the time period 1981-2010 for Phaseolus bean with an Available water content of 200 mm/m (under rain-fed conditions) and high input level using climate data source CRUTS32 based on Historical,1981-2010,CRUTS32,Historical,Phaseolus bean,Available water content of 200 mm/m (under rain-fed conditions),High,mm,Growth Cycle Attributes - Precipitation, https://s3.eu-west-1.amazonaws.com/data.gaezdev.aws.fao.org/res02/CRUTS32/Hist/8110H/bean200b_wde.tif,000275945
bhsg200a_wde,\res02\CRUTS32\Hist\8110H\bhsg200a_wde.tif,Growth Cycle Attributes,Crop water deficit (mm),Crop water deficit (mm) for the time period 1981-2010 for Biomass highland sorghum with an Available water content of 200 mm/m (under irrigation conditions) and high input level using climate data source CRUTS32 based on Historical,1981-2010,CRUTS32,Historical,Biomass highland sorghum,Available water content of 200 mm/m (under irrigation conditions),High,mm,Growth Cycle Attributes - Precipitation, https://s3.eu-west-1.amazonaws.com/data.gaezdev.aws.fao.org/res02/CRUTS32/Hist/8110H/bhsg200a_wde.tif,000272690
bhsg200b_wde,\res02\CRUTS32\Hist\8110H\bhsg200b_wde.tif,Growth Cycle Attributes,Crop water deficit (mm),Crop water deficit (mm) for the time period 1981-2010 for Biomass highland sorghum with an Available water content of 200 mm/m (under rain-fed conditions) and high input level using climate data source CRUTS32 based on Historical,1981-2010,CRUTS32,Historical,Biomass highland sorghum,Available water content of 200 mm/m (under rain-fed conditions),High,mm,Growth Cycle Attributes - Precipitation, https://s3.eu-west-1.amazonaws.com/data.gaezdev.aws.fao.org/res02/CRUTS32/Hist/8110H/bhsg200b_wde.tif,000276336
blsg200a_wde,\res02\CRUTS32\Hist\8110H\blsg200a_wde.tif,Growth Cycle Attributes,Crop water deficit (mm),Crop water deficit (mm) for the time period 1981-2010 for Biomass lowland sorghum with an Available water content of 200 mm/m (under irrigation conditions) and high input level using climate data source CRUTS32 based on Historical,1981-2010,CRUTS32,Historical,Biomass lowland sorghum,Available water content of 200 mm/m (under irrigation conditions),High,mm,Growth Cycle Attributes - Precipitation, https://s3.eu-west-1.amazonaws.com/data.gaezdev.aws.fao.org/res02/CRUTS32/Hist/8110H/blsg200a_wde.tif,000272867
blsg200b_wde,\res02\CRUTS32\Hist\8110H\blsg200b_wde.tif,Growth Cycle Attributes,Crop water deficit (mm),Crop water deficit (mm) for the time period 1981-2010 for Biomass lowland sorghum with an Available water content of 200 mm/m (under rain-fed conditions) and high input level using climate data source CRUTS32 based on Historical,1981-2010,CRUTS32,Historical,Biomass lowland sorghum,Available water content of 200 mm/m (under rain-fed conditions),High,mm,Growth Cycle Attributes - Precipitation, https://s3.eu-west-1.amazonaws.com/data.gaezdev.aws.fao.org/res02/CRUTS32/Hist/8110H/blsg200b_wde.tif,000272836
bsrg200a_wde,\res02\CRUTS32\Hist\8110H\bsrg200a_wde.tif,Growth Cycle Attributes,Crop water deficit (mm),Crop water deficit (mm) for the time period 1981-2010 for Biomass sorghum with an Available water content of 200 mm/m (under irrigation conditions) and high input level using climate data source CRUTS32 based on Historical,1981-2010,CRUTS32,Historical,Biomass sorghum,Available water content of 200 mm/m (under irrigation conditions),High,mm,Growth Cycle Attributes - Precipitation, https://s3.eu-west-1.amazonaws.com/data.gaezdev.aws.fao.org/res02/CRUTS32/Hist/8110H/bsrg200a_wde.tif,000271200
bsrg200b_wde,\res02\CRUTS32\Hist\8110H\bsrg200b_wde.tif,Growth Cycle Attributes,Crop water deficit (mm),Crop water deficit (mm) for the time period 1981-2010 for Biomass sorghum with an Available water content of 200 mm/m (under rain-fed conditions) and high input level using climate data source CRUTS32 based on Historical,1981-2010,CRUTS32,Historical,Biomass sorghum,Available water content of 200 mm/m (under rain-fed conditions),High,mm,Growth Cycle Attributes - Precipitation, https://s3.eu-west-1.amazonaws.com/data.gaezdev.aws.fao.org/res02/CRUTS32/Hist/8110H/bsrg200b_wde.tif,000271658
btsg200a_wde,\res02\CRUTS32\Hist\8110H\btsg200a_wde.tif,Growth Cycle Attributes,Crop water deficit (mm),Crop water deficit (mm) for the time period 1981-2010 for Biomass temperate sorghum with an Available water content of 200 mm/m (under irrigation conditions) and high input level using climate data source CRUTS32 based on Historical,1981-2010,CRUTS32,Historical,Biomass temperate sorghum,Available water content of 200 mm/m (under irrigation conditions),High,mm,Growth Cycle Attributes - Precipitation, https://s3.eu-west-1.amazonaws.com/data.gaezdev.aws.fao.org/res02/CRUTS32/Hist/8110H/btsg200a_wde.tif,000274127
btsg200b_wde,\res02\CRUTS32\Hist\8110H\btsg200b_wde.tif,Growth Cycle Attributes,Crop water deficit (mm),Crop water deficit (mm) for the time period 1981-2010 for Biomass temperate sorghum with an Available water content of 200 mm/m (under rain-fed conditions) and high input level using climate data source CRUTS32 based on Historical,1981-2010,CRUTS32,Historical,Biomass temperate sorghum,Available water content of 200 mm/m (under rain-fed conditions),High,mm,Growth Cycle Attributes - Precipitation, https://s3.eu-west-1.amazonaws.com/data.gaezdev.aws.fao.org/res02/CRUTS32/Hist/8110H/btsg200b_wde.tif,000275527
cabb200a_wde,\res02\CRUTS32\Hist\8110H\cabb200a_wde.tif,Growth Cycle Attributes,Crop water deficit (mm),Crop water deficit (mm) for the time period 1981-2010 for Cabbage with an Available water content of 200 mm/m (under irrigation conditions) and high input level using climate data source CRUTS32 based on Historical,1981-2010,CRUTS32,Historical,Cabbage,Available water content of 200 mm/m (under irrigation conditions),High,mm,Growth Cycle Attributes - Precipitation, https://s3.eu-west-1.amazonaws.com/data.gaezdev.aws.fao.org/res02/CRUTS32/Hist/8110H/cabb200a_wde.tif,000271883
cabb200b_wde,\res02\CRUTS32\Hist\8110H\cabb200b_wde.tif,Growth Cycle Attributes,Crop water deficit (mm),Crop water deficit (mm) for the time period 1981-2010 for Cabbage with an Available water content of 200 mm/m (under rain-fed conditions) and high input level using climate data source CRUTS32 based on Historical,1981-2010,CRUTS32,Historical,Cabbage,Available water content of 200 mm/m (under rain-fed conditions),High,mm,Growth Cycle Attributes - Precipitation, https://s3.eu-west-1.amazonaws.com/data.gaezdev.aws.fao.org/res02/CRUTS32/Hist/8110H/cabb200b_wde.tif,000273834
carr200a_wde,\res02\CRUTS32\Hist\8110H\carr200a_wde.tif,Growth Cycle Attributes,Crop water deficit (mm),Crop water deficit (mm) for the time period 1981-2010 for Carrot with an Available water content of 200 mm/m (under irrigation conditions) and high input level using climate data source CRUTS32 based on Historical,1981-2010,CRUTS32,Historical,Carrot,Available water content of 200 mm/m (under irrigation conditions),High,mm,Growth Cycle Attributes - Precipitation, https://s3.eu-west-1.amazonaws.com/data.gaezdev.aws.fao.org/res02/CRUTS32/Hist/8110H/carr200a_wde.tif,000275875
carr200b_wde,\res02\CRUTS32\Hist\8110H\carr200b_wde.tif,Growth Cycle Attributes,Crop water deficit (mm),Crop water deficit (mm) for the time period 1981-2010 for Carrot with an Available water content of 200 mm/m (under rain-fed conditions) and high input level using climate data source CRUTS32 based on Historical,1981-2010,CRUTS32,Historical,Carrot,Available water content of 200 mm/m (under rain-fed conditions),High,mm,Growth Cycle Attributes - Precipitation, https://s3.eu-west-1.amazonaws.com/data.gaezdev.aws.fao.org/res02/CRUTS32/Hist/8110H/carr200b_wde.tif,000272647
casv200a_wde,\res02\CRUTS32\Hist\8110H\casv200a_wde.tif,Growth Cycle Attributes,Crop water deficit (mm),Crop water deficit (mm) for the time period 1981-2010 for Cassava with an Available water content of 200 mm/m (under irrigation conditions) and high input level using climate data source CRUTS32 based on Historical,1981-2010,CRUTS32,Historical,Cassava,Available water content of 200 mm/m (under irrigation conditions),High,mm,Growth Cycle Attributes - Precipitation, https://s3.eu-west-1.amazonaws.com/data.gaezdev.aws.fao.org/res02/CRUTS32/Hist/8110H/casv200a_wde.tif,000273826
casv200b_wde,\res02\CRUTS32\Hist\8110H\casv200b_wde.tif,Growth Cycle Attributes,Crop water deficit (mm),Crop water deficit (mm) for the time period 1981-2010 for Cassava with an Available water content of 200 mm/m (under rain-fed conditions) and high input level using climate data source CRUTS32 based on Historical,1981-2010,CRUTS32,Historical,Cassava,Available water content of 200 mm/m (under rain-fed conditions),High,mm,Growth Cycle Attributes - Precipitation, https://s3.eu-west-1.amazonaws.com/data.gaezdev.aws.fao.org/res02/CRUTS32/Hist/8110H/casv200b_wde.tif,000272617
chck200a_wde,\res02\CRUTS32\Hist\8110H\chck200a_wde.tif,Growth Cycle Attributes,Crop water deficit (mm),Crop water deficit (mm) for the time period 1981-2010 for Chickpea with an Available water content of 200 mm/m (under irrigation conditions) and high input level using climate data source CRUTS32 based on Historical,1981-2010,CRUTS32,Historical,Chickpea,Available water content of 200 mm/m (under irrigation conditions),High,mm,Growth Cycle Attributes - Precipitation, https://s3.eu-west-1.amazonaws.com/data.gaezdev.aws.fao.org/res02/CRUTS32/Hist/8110H/chck200a_wde.tif,000276994
chck200b_wde,\res02\CRUTS32\Hist\8110H\chck200b_wde.tif,Growth Cycle Attributes,Crop water deficit (mm),Crop water deficit (mm) for the time period 1981-2010 for Chickpea with an Available water content of 200 mm/m (under rain-fed conditions) and high input level using climate data source CRUTS32 based on Historical,1981-2010,CRUTS32,Historical,Chickpea,Available water content of 200 mm/m (under rain-fed conditions),High,mm,Growth Cycle Attributes - Precipitation, https://s3.eu-west-1.amazonaws.com/data.gaezdev.aws.fao.org/res02/CRUTS32/Hist/8110H/chck200b_wde.tif,000271996
citr200a_wde,\res02\CRUTS32\Hist\8110H\citr200a_wde.tif,Growth Cycle Attributes,Crop water deficit (mm),Crop water deficit (mm) for the time period 1981-2010 for Citrus with an Available water content of 200 mm/m (under irrigation conditions) and high input level using climate data source CRUTS32 based on Historical,1981-2010,CRUTS32,Historical,Citrus,Available water content of 200 mm/m (under irrigation conditions),High,mm,Growth Cycle Attributes - Precipitation, https://s3.eu-west-1.amazonaws.com/data.gaezdev.aws.fao.org/res02/CRUTS32/Hist/8110H/citr200a_wde.tif,000275294
citr200b_wde,\res02\CRUTS32\Hist\8110H\citr200b_wde.tif,Growth Cycle Attributes,Crop water deficit (mm),Crop water deficit (mm) for the time period 1981-2010 for Citrus with an Available water content of 200 mm/m (under rain-fed conditions) and high input level using climate data source CRUTS32 based on Historical,1981-2010,CRUTS32,Historical,Citrus,Available water content of 200 mm/m (under rain-fed conditions),High,mm,Growth Cycle Attributes - Precipitation, https://s3.eu-west-1.amazonaws.com/data.gaezdev.aws.fao.org/res02/CRUTS32/Hist/8110H/citr200b_wde.tif,000274247
cocc200a_wde,\res02\CRUTS32\Hist\8110H\cocc200a_wde.tif,Growth Cycle Attributes,Crop water deficit (mm),Crop water deficit (mm) for the time period 1981-2010 for Cocoa cumoun with an Available water content of 200 mm/m (under irrigation conditions) and high input level using climate data source CRUTS32 based on Historical,1981-2010,CRUTS32,Historical,Cocoa cumoun,Available water content of 200 mm/m (under irrigation conditions),High,mm,Growth Cycle Attributes - Precipitation, https://s3.eu-west-1.amazonaws.com/data.gaezdev.aws.fao.org/res02/CRUTS32/Hist/8110H/cocc200a_wde.tif,000271826
cocc200b_wde,\res02\CRUTS32\Hist\8110H\cocc200b_wde.tif,Growth Cycle Attributes,Crop water deficit (mm),Crop water deficit (mm) for the time period 1981-2010 for Cocoa cumoun with an Available water content of 200 mm/m (under rain-fed conditions) and high input level using climate data source CRUTS32 based on Historical,1981-2010,CRUTS32,Historical,Cocoa cumoun,Available water content of 200 mm/m (under rain-fed conditions),High,mm,Growth Cycle Attributes - Precipitation, https://s3.eu-west-1.amazonaws.com/data.gaezdev.aws.fao.org/res02/CRUTS32/Hist/8110H/cocc200b_wde.tif,000274803
coch200a_wde,\res02\CRUTS32\Hist\8110H\coch200a_wde.tif,Growth Cycle Attributes,Crop water deficit (mm),Crop water deficit (mm) for the time period 1981-2010 for Cocoa hybrid with an Available water content of 200 mm/m (under irrigation conditions) and high input level using climate data source CRUTS32 based on Historical,1981-2010,CRUTS32,Historical,Cocoa hybrid,Available water content of 200 mm/m (under irrigation conditions),High,mm,Growth Cycle Attributes - Precipitation, https://s3.eu-west-1.amazonaws.com/data.gaezdev.aws.fao.org/res02/CRUTS32/Hist/8110H/coch200a_wde.tif,000271977
coch200b_wde,\res02\CRUTS32\Hist\8110H\coch200b_wde.tif,Growth Cycle Attributes,Crop water deficit (mm),Crop water deficit (mm) for the time period 1981-2010 for Cocoa hybrid with an Available water content of 200 mm/m (under rain-fed conditions) and high input level using climate data source CRUTS32 based on Historical,1981-2010,CRUTS32,Historical,Cocoa hybrid,Available water content of 200 mm/m (under rain-fed conditions),High,mm,Growth Cycle Attributes - Precipitation, https://s3.eu-west-1.amazonaws.com/data.gaezdev.aws.fao.org/res02/CRUTS32/Hist/8110H/coch200b_wde.tif,000276191
cocn200a_wde,\res02\CRUTS32\Hist\8110H\cocn200a_wde.tif,Growth Cycle Attributes,Crop water deficit (mm),Crop water deficit (mm) for the time period 1981-2010 for Coconut with an Available water content of 200 mm/m (under irrigation conditions) and high input level using climate data source CRUTS32 based on Historical,1981-2010,CRUTS32,Historical,Coconut,Available water content of 200 mm/m (under irrigation conditions),High,mm,Growth Cycle Attributes - Precipitation, https://s3.eu-west-1.amazonaws.com/data.gaezdev.aws.fao.org/res02/CRUTS32/Hist/8110H/cocn200a_wde.tif,000275595
cocn200b_wde,\res02\CRUTS32\Hist\8110H\cocn200b_wde.tif,Growth Cycle Attributes,Crop water deficit (mm),Crop water deficit (mm) for the time period 1981-2010 for Coconut with an Available water content of 200 mm/m (under rain-fed conditions) and high input level using climate data source CRUTS32 based on Historical,1981-2010,CRUTS32,Historical,Coconut,Available water content of 200 mm/m (under rain-fed conditions),High,mm,Growth Cycle Attributes - Precipitation, https://s3.eu-west-1.amazonaws.com/data.gaezdev.aws.fao.org/res02/CRUTS32/Hist/8110H/cocn200b_wde.tif,000272350
coco200a_wde,\res02\CRUTS32\Hist\8110H\coco200a_wde.tif,Growth Cycle Attributes,Crop water deficit (mm),Crop water deficit (mm) for the time period 1981-2010 for Cocoa with an Available water content of 200 mm/m (under irrigation conditions) and high input level using climate data source CRUTS32 based on Historical,1981-2010,CRUTS32,Historical,Cocoa,Available water content of 200 mm/m (under irrigation conditions),High,mm,Growth Cycle Attributes - Precipitation, https://s3.eu-west-1.amazonaws.com/data.gaezdev.aws.fao.org/res02/CRUTS32/Hist/8110H/coco200a_wde.tif,000275822
coco200b_wde,\res02\CRUTS32\Hist\8110H\coco200b_wde.tif,Growth Cycle Attributes,Crop water deficit (mm),Crop water deficit (mm) for the time period 1981-2010 for Cocoa with an Available water content of 200 mm/m (under rain-fed conditions) and high input level using climate data source CRUTS32 based on Historical,1981-2010,CRUTS32,Historical,Cocoa,Available water content of 200 mm/m (under rain-fed conditions),High,mm,Growth Cycle Attributes - Precipitation, https://s3.eu-west-1.amazonaws.com/data.gaezdev.aws.fao.org/res02/CRUTS32/Hist/8110H/coco200b_wde.tif,000272684
cofa200a_wde,\res02\CRUTS32\Hist\8110H\cofa200a_wde.tif,Growth Cycle Attributes,Crop water deficit (mm),Crop water deficit (mm) for the time period 1981-2010 for Coffee arabica with an Available water content of 200 mm/m (under irrigation conditions) and high input level using climate data source CRUTS32 based on Historical,1981-2010,CRUTS32,Historical,Coffee arabica,Available water content of 200 mm/m (under irrigation conditions),High,mm,Growth Cycle Attributes - Precipitation, https://s3.eu-west-1.amazonaws.com/data.gaezdev.aws.fao.org/res02/CRUTS32/Hist/8110H/cofa200a_wde.tif,000273813
cofa200b_wde,\res02\CRUTS32\Hist\8110H\cofa200b_wde.tif,Growth Cycle Attributes,Crop water deficit (mm),Crop water deficit (mm) for the time period 1981-2010 for Coffee arabica with an Available water content of 200 mm/m (under rain-fed conditions) and high input level using climate data source CRUTS32 based on Historical,1981-2010,CRUTS32,Historical,Coffee arabica,Available water content of 200 mm/m (under rain-fed conditions),High,mm,Growth Cycle Attributes - Precipitation, https://s3.eu-west-1.amazonaws.com/data.gaezdev.aws.fao.org/res02/CRUTS32/Hist/8110H/cofa200b_wde.tif,000276328
coff200a_wde,\res02\CRUTS32\Hist\8110H\coff200a_wde.tif,Growth Cycle Attributes,Crop water deficit (mm),Crop water deficit (mm) for the time period 1981-2010 for Coffee with an Available water content of 200 mm/m (under irrigation conditions) and high input level using climate data source CRUTS32 based on Historical,1981-2010,CRUTS32,Historical,Coffee,Available water content of 200 mm/m (under irrigation conditions),High,mm,Growth Cycle Attributes - Precipitation, https://s3.eu-west-1.amazonaws.com/data.gaezdev.aws.fao.org/res02/CRUTS32/Hist/8110H/coff200a_wde.tif,000276420
coff200b_wde,\res02\CRUTS32\Hist\8110H\coff200b_wde.tif,Growth Cycle Attributes,Crop water deficit (mm),Crop water deficit (mm) for the time period 1981-2010 for Coffee with an Available water content of 200 mm/m (under rain-fed conditions) and high input level using climate data source CRUTS32 based on Historical,1981-2010,CRUTS32,Historical,Coffee,Available water content of 200 mm/m (under rain-fed conditions),High,mm,Growth Cycle Attributes - Precipitation, https://s3.eu-west-1.amazonaws.com/data.gaezdev.aws.fao.org/res02/CRUTS32/Hist/8110H/coff200b_wde.tif,000274439
cofr200a_wde,\res02\CRUTS32\Hist\8110H\cofr200a_wde.tif,Growth Cycle Attributes,Crop water deficit (mm),Crop water deficit (mm) for the time period 1981-2010 for Coffee robusta with an Available water content of 200 mm/m (under irrigation conditions) and high input level using climate data source CRUTS32 based on Historical,1981-2010,CRUTS32,Historical,Coffee robusta,Available water content of 200 mm/m (under irrigation conditions),High,mm,Growth Cycle Attributes - Precipitation, https://s3.eu-west-1.amazonaws.com/data.gaezdev.aws.fao.org/res02/CRUTS32/Hist/8110H/cofr200a_wde.tif,000272703
cofr200b_wde,\res02\CRUTS32\Hist\8110H\cofr200b_wde.tif,Growth Cycle Attributes,Crop water deficit (mm),Crop water deficit (mm) for the time period 1981-2010 for Coffee robusta with an Available water content of 200 mm/m (under rain-fed conditions) and high input level using climate data source CRUTS32 based on Historical,1981-2010,CRUTS32,Historical,Coffee robusta,Available water content of 200 mm/m (under rain-fed conditions),High,mm,Growth Cycle Attributes - Precipitation, https://s3.eu-west-1.amazonaws.com/data.gaezdev.aws.fao.org/res02/CRUTS32/Hist/8110H/cofr200b_wde.tif,000276511
cott200a_wde,\res02\CRUTS32\Hist\8110H\cott200a_wde.tif,Growth Cycle Attributes,Crop water deficit (mm),Crop water deficit (mm) for the time period 1981-2010 for Cotton with an Available water content of 200 mm/m (under irrigation conditions) and high input level using climate data source CRUTS32 based on Historical,1981-2010,CRUTS32,Historical,Cotton,Available water content of 200 mm/m (under irrigation conditions),High,mm,Growth Cycle Attributes - Precipitation, https://s3.eu-west-1.amazonaws.com/data.gaezdev.aws.fao.org/res02/CRUTS32/Hist/8110H/cott200a_wde.tif,000271211
cott200b_wde,\res02\CRUTS32\Hist\8110H\cott200b_wde.tif,Growth Cycle Attributes,Crop water deficit (mm),Crop water deficit (mm) for the time period 1981-2010 for Cotton with an Available water content of 200 mm/m (under rain-fed conditions) and high input level using climate data source CRUTS32 based on Historical,1981-2010,CRUTS32,Historical,Cotton,Available water content of 200 mm/m (under rain-fed conditions),High,mm,Growth Cycle Attributes - Precipitation, https://s3.eu-west-1.amazonaws.com/data.gaezdev.aws.fao.org/res02/CRUTS32/Hist/8110H/cott200b_wde.tif,000271351
cowp200a_wde,\res02\CRUTS32\Hist\8110H\cowp200a_wde.tif,Growth Cycle Attributes,Crop water deficit (mm),Crop water deficit (mm) for the time period 1981-2010 for Cowpea with an Available water content of 200 mm/m (under irrigation conditions) and high input level using climate data source CRUTS32 based on Historical,1981-2010,CRUTS32,Historical,Cowpea,Available water content of 200 mm/m (under irrigation conditions),High,mm,Growth Cycle Attributes - Precipitation, https://s3.eu-west-1.amazonaws.com/data.gaezdev.aws.fao.org/res02/CRUTS32/Hist/8110H/cowp200a_wde.tif,000275237
cowp200b_wde,\res02\CRUTS32\Hist\8110H\cowp200b_wde.tif,Growth Cycle Attributes,Crop water deficit (mm),Crop water deficit (mm) for the time period 1981-2010 for Cowpea with an Available water content of 200 mm/m (under rain-fed conditions) and high input level using climate data source CRUTS32 based on Historical,1981-2010,CRUTS32,Historical,Cowpea,Available water content of 200 mm/m (under rain-fed conditions),High,mm,Growth Cycle Attributes - Precipitation, https://s3.eu-west-1.amazonaws.com/data.gaezdev.aws.fao.org/res02/CRUTS32/Hist/8110H/cowp200b_wde.tif,000274677
cyam200a_wde,\res02\CRUTS32\Hist\8110H\cyam200a_wde.tif,Growth Cycle Attributes,Crop water deficit (mm),Crop water deficit (mm) for the time period 1981-2010 for Cocoyam with an Available water content of 200 mm/m (under irrigation conditions) and high input level using climate data source CRUTS32 based on Historical,1981-2010,CRUTS32,Historical,Cocoyam,Available water content of 200 mm/m (under irrigation conditions),High,mm,Growth Cycle Attributes - Precipitation, https://s3.eu-west-1.amazonaws.com/data.gaezdev.aws.fao.org/res02/CRUTS32/Hist/8110H/cyam200a_wde.tif,000273110
cyam200b_wde,\res02\CRUTS32\Hist\8110H\cyam200b_wde.tif,Growth Cycle Attributes,Crop water deficit (mm),Crop water deficit (mm) for the time period 1981-2010 for Cocoyam with an Available water content of 200 mm/m (under rain-fed conditions) and high input level using climate data source CRUTS32 based on Historical,1981-2010,CRUTS32,Historical,Cocoyam,Available water content of 200 mm/m (under rain-fed conditions),High,mm,Growth Cycle Attributes - Precipitation, https://s3.eu-west-1.amazonaws.com/data.gaezdev.aws.fao.org/res02/CRUTS32/Hist/8110H/cyam200b_wde.tif,000273457
dpea200a_wde,\res02\CRUTS32\Hist\8110H\dpea200a_wde.tif,Growth Cycle Attributes,Crop water deficit (mm),Crop water deficit (mm) for the time period 1981-2010 for Dry pea with an Available water content of 200 mm/m (under irrigation conditions) and high input level using climate data source CRUTS32 based on Historical,1981-2010,CRUTS32,Historical,Dry pea,Available water content of 200 mm/m (under irrigation conditions),High,mm,Growth Cycle Attributes - Precipitation, https://s3.eu-west-1.amazonaws.com/data.gaezdev.aws.fao.org/res02/CRUTS32/Hist/8110H/dpea200a_wde.tif,000273530
dpea200b_wde,\res02\CRUTS32\Hist\8110H\dpea200b_wde.tif,Growth Cycle Attributes,Crop water deficit (mm),Crop water deficit (mm) for the time period 1981-2010 for Dry pea with an Available water content of 200 mm/m (under rain-fed conditions) and high input level using climate data source CRUTS32 based on Historical,1981-2010,CRUTS32,Historical,Dry pea,Available water content of 200 mm/m (under rain-fed conditions),High,mm,Growth Cycle Attributes - Precipitation, https://s3.eu-west-1.amazonaws.com/data.gaezdev.aws.fao.org/res02/CRUTS32/Hist/8110H/dpea200b_wde.tif,000275924
flax200a_wde,\res02\CRUTS32\Hist\8110H\flax200a_wde.tif,Growth Cycle Attributes,Crop water deficit (mm),Crop water deficit (mm) for the time period 1981-2010 for Flax with an Available water content of 200 mm/m (under irrigation conditions) and high input level using climate data source CRUTS32 based on Historical,1981-2010,CRUTS32,Historical,Flax,Available water content of 200 mm/m (under irrigation conditions),High,mm,Growth Cycle Attributes - Precipitation, https://s3.eu-west-1.amazonaws.com/data.gaezdev.aws.fao.org/res02/CRUTS32/Hist/8110H/flax200a_wde.tif,000272207
flax200b_wde,\res02\CRUTS32\Hist\8110H\flax200b_wde.tif,Growth Cycle Attributes,Crop water deficit (mm),Crop water deficit (mm) for the time period 1981-2010 for Flax with an Available water content of 200 mm/m (under rain-fed conditions) and high input level using climate data source CRUTS32 based on Historical,1981-2010,CRUTS32,Historical,Flax,Available water content of 200 mm/m (under rain-fed conditions),High,mm,Growth Cycle Attributes - Precipitation, https://s3.eu-west-1.amazonaws.com/data.gaezdev.aws.fao.org/res02/CRUTS32/Hist/8110H/flax200b_wde.tif,000271746
fmlt200a_wde,\res02\CRUTS32\Hist\8110H\fmlt200a_wde.tif,Growth Cycle Attributes,Crop water deficit (mm),Crop water deficit (mm) for the time period 1981-2010 for Foxtail millet with an Available water content of 200 mm/m (under irrigation conditions) and high input level using climate data source CRUTS32 based on Historical,1981-2010,CRUTS32,Historical,Foxtail millet,Available water content of 200 mm/m (under irrigation conditions),High,mm,Growth Cycle Attributes - Precipitation, https://s3.eu-west-1.amazonaws.com/data.gaezdev.aws.fao.org/res02/CRUTS32/Hist/8110H/fmlt200a_wde.tif,000276721
fmlt200b_wde,\res02\CRUTS32\Hist\8110H\fmlt200b_wde.tif,Growth Cycle Attributes,Crop water deficit (mm),Crop water deficit (mm) for the time period 1981-2010 for Foxtail millet with an Available water content of 200 mm/m (under rain-fed conditions) and high input level using climate data source CRUTS32 based on Historical,1981-2010,CRUTS32,Historical,Foxtail millet,Available water content of 200 mm/m (under rain-fed conditions),High,mm,Growth Cycle Attributes - Precipitation, https://s3.eu-west-1.amazonaws.com/data.gaezdev.aws.fao.org/res02/CRUTS32/Hist/8110H/fmlt200b_wde.tif,000271372
gram200a_wde,\res02\CRUTS32\Hist\8110H\gram200a_wde.tif,Growth Cycle Attributes,Crop water deficit (mm),Crop water deficit (mm) for the time period 1981-2010 for Gram with an Available water content of 200 mm/m (under irrigation conditions) and high input level using climate data source CRUTS32 based on Historical,1981-2010,CRUTS32,Historical,Gram,Available water content of 200 mm/m (under irrigation conditions),High,mm,Growth Cycle Attributes - Precipitation, https://s3.eu-west-1.amazonaws.com/data.gaezdev.aws.fao.org/res02/CRUTS32/Hist/8110H/gram200a_wde.tif,000271750
gram200b_wde,\res02\CRUTS32\Hist\8110H\gram200b_wde.tif,Growth Cycle Attributes,Crop water deficit (mm),Crop water deficit (mm) for the time period 1981-2010 for Gram with an Available water content of 200 mm/m (under rain-fed conditions) and high input level using climate data source CRUTS32 based on Historical,1981-2010,CRUTS32,Historical,Gram,Available water content of 200 mm/m (under rain-fed conditions),High,mm,Growth Cycle Attributes - Precipitation, https://s3.eu-west-1.amazonaws.com/data.gaezdev.aws.fao.org/res02/CRUTS32/Hist/8110H/gram200b_wde.tif,000276292
gras200a_wde,\res02\CRUTS32\Hist\8110H\gras200a_wde.tif,Growth Cycle Attributes,Crop water deficit (mm),Crop water deficit (mm) for the time period 1981-2010 for Grass with an Available water content of 200 mm/m (under irrigation conditions) and high input level using climate data source CRUTS32 based on Historical,1981-2010,CRUTS32,Historical,Grass,Available water content of 200 mm/m (under irrigation conditions),High,mm,Growth Cycle Attributes - Precipitation, https://s3.eu-west-1.amazonaws.com/data.gaezdev.aws.fao.org/res02/CRUTS32/Hist/8110H/gras200a_wde.tif,000273952
gras200b_wde,\res02\CRUTS32\Hist\8110H\gras200b_wde.tif,Growth Cycle Attributes,Crop water deficit (mm),Crop water deficit (mm) for the time period 1981-2010 for Grass with an Available water content of 200 mm/m (under rain-fed conditions) and high input level using climate data source CRUTS32 based on Historical,1981-2010,CRUTS32,Historical,Grass,Available water content of 200 mm/m (under rain-fed conditions),High,mm,Growth Cycle Attributes - Precipitation, https://s3.eu-west-1.amazonaws.com/data.gaezdev.aws.fao.org/res02/CRUTS32/Hist/8110H/gras200b_wde.tif,000272401
grlg200a_wde,\res02\CRUTS32\Hist\8110H\grlg200a_wde.tif,Growth Cycle Attributes,Crop water deficit (mm),Crop water deficit (mm) for the time period 1981-2010 for Pasture legumes with an Available water content of 200 mm/m (under irrigation conditions) and high input level using climate data source CRUTS32 based on Historical,1981-2010,CRUTS32,Historical,Pasture legumes,Available water content of 200 mm/m (under irrigation conditions),High,mm,Growth Cycle Attributes - Precipitation, https://s3.eu-west-1.amazonaws.com/data.gaezdev.aws.fao.org/res02/CRUTS32/Hist/8110H/grlg200a_wde.tif,000276437
grlg200b_wde,\res02\CRUTS32\Hist\8110H\grlg200b_wde.tif,Growth Cycle Attributes,Crop water deficit (mm),Crop water deficit (mm) for the time period 1981-2010 for Pasture legumes with an Available water content of 200 mm/m (under rain-fed conditions) and high input level using climate data source CRUTS32 based on Historical,1981-2010,CRUTS32,Historical,Pasture legumes,Available water content of 200 mm/m (under rain-fed conditions),High,mm,Growth Cycle Attributes - Precipitation, https://s3.eu-west-1.amazonaws.com/data.gaezdev.aws.fao.org/res02/CRUTS32/Hist/8110H/grlg200b_wde.tif,000276043
grnd200a_wde,\res02\CRUTS32\Hist\8110H\grnd200a_wde.tif,Growth Cycle Attributes,Crop water deficit (mm),Crop water deficit (mm) for the time period 1981-2010 for Groundnut with an Available water content of 200 mm/m (under irrigation conditions) and high input level using climate data source CRUTS32 based on Historical,1981-2010,CRUTS32,Historical,Groundnut,Available water content of 200 mm/m (under irrigation conditions),High,mm,Growth Cycle Attributes - Precipitation, https://s3.eu-west-1.amazonaws.com/data.gaezdev.aws.fao.org/res02/CRUTS32/Hist/8110H/grnd200a_wde.tif,000271616
grnd200b_wde,\res02\CRUTS32\Hist\8110H\grnd200b_wde.tif,Growth Cycle Attributes,Crop water deficit (mm),Crop water deficit (mm) for the time period 1981-2010 for Groundnut with an Available water content of 200 mm/m (under rain-fed conditions) and high input level using climate data source CRUTS32 based on Historical,1981-2010,CRUTS32,Historical,Groundnut,Available water content of 200 mm/m (under rain-fed conditions),High,mm,Growth Cycle Attributes - Precipitation, https://s3.eu-west-1.amazonaws.com/data.gaezdev.aws.fao.org/res02/CRUTS32/Hist/8110H/grnd200b_wde.tif,000274527
gyam200a_wde,\res02\CRUTS32\Hist\8110H\gyam200a_wde.tif,Growth Cycle Attributes,Crop water deficit (mm),Crop water deficit (mm) for the time period 1981-2010 for Greater yam with an Available water content of 200 mm/m (under irrigation conditions) and high input level using climate data source CRUTS32 based on Historical,1981-2010,CRUTS32,Historical,Greater yam,Available water content of 200 mm/m (under irrigation conditions),High,mm,Growth Cycle Attributes - Precipitation, https://s3.eu-west-1.amazonaws.com/data.gaezdev.aws.fao.org/res02/CRUTS32/Hist/8110H/gyam200a_wde.tif,000275419
gyam200b_wde,\res02\CRUTS32\Hist\8110H\gyam200b_wde.tif,Growth Cycle Attributes,Crop water deficit (mm),Crop water deficit (mm) for the time period 1981-2010 for Greater yam with an Available water content of 200 mm/m (under rain-fed conditions) and high input level using climate data source CRUTS32 based on Historical,1981-2010,CRUTS32,Historical,Greater yam,Available water content of 200 mm/m (under rain-fed conditions),High,mm,Growth Cycle Attributes - Precipitation, https://s3.eu-west-1.amazonaws.com/data.gaezdev.aws.fao.org/res02/CRUTS32/Hist/8110H/gyam200b_wde.tif,000275532
hmze200a_wde,\res02\CRUTS32\Hist\8110H\hmze200a_wde.tif,Growth Cycle Attributes,Crop water deficit (mm),Crop water deficit (mm) for the time period 1981-2010 for Highland maize with an Available water content of 200 mm/m (under irrigation conditions) and high input level using climate data source CRUTS32 based on Historical,1981-2010,CRUTS32,Historical,Highland maize,Available water content of 200 mm/m (under irrigation conditions),High,mm,Growth Cycle Attributes - Precipitation, https://s3.eu-west-1.amazonaws.com/data.gaezdev.aws.fao.org/res02/CRUTS32/Hist/8110H/hmze200a_wde.tif,000273241
hmze200b_wde,\res02\CRUTS32\Hist\8110H\hmze200b_wde.tif,Growth Cycle Attributes,Crop water deficit (mm),Crop water deficit (mm) for the time period 1981-2010 for Highland maize with an Available water content of 200 mm/m (under rain-fed conditions) and high input level using climate data source CRUTS32 based on Historical,1981-2010,CRUTS32,Historical,Highland maize,Available water content of 200 mm/m (under rain-fed conditions),High,mm,Growth Cycle Attributes - Precipitation, https://s3.eu-west-1.amazonaws.com/data.gaezdev.aws.fao.org/res02/CRUTS32/Hist/8110H/hmze200b_wde.tif,000273224
hsrg200a_wde,\res02\CRUTS32\Hist\8110H\hsrg200a_wde.tif,Growth Cycle Attributes,Crop water deficit (mm),Crop water deficit (mm) for the time period 1981-2010 for Highland sorghum with an Available water content of 200 mm/m (under irrigation conditions) and high input level using climate data source CRUTS32 based on Historical,1981-2010,CRUTS32,Historical,Highland sorghum,Available water content of 200 mm/m (under irrigation conditions),High,mm,Growth Cycle Attributes - Precipitation, https://s3.eu-west-1.amazonaws.com/data.gaezdev.aws.fao.org/res02/CRUTS32/Hist/8110H/hsrg200a_wde.tif,000276804
hsrg200b_wde,\res02\CRUTS32\Hist\8110H\hsrg200b_wde.tif,Growth Cycle Attributes,Crop water deficit (mm),Crop water deficit (mm) for the time period 1981-2010 for Highland sorghum with an Available water content of 200 mm/m (under rain-fed conditions) and high input level using climate data source CRUTS32 based on Historical,1981-2010,CRUTS32,Historical,Highland sorghum,Available water content of 200 mm/m (under rain-fed conditions),High,mm,Growth Cycle Attributes - Precipitation, https://s3.eu-west-1.amazonaws.com/data.gaezdev.aws.fao.org/res02/CRUTS32/Hist/8110H/hsrg200b_wde.tif,000272075
jatr200a_wde,\res02\CRUTS32\Hist\8110H\jatr200a_wde.tif,Growth Cycle Attributes,Crop water deficit (mm),Crop water deficit (mm) for the time period 1981-2010 for Jatropha with an Available water content of 200 mm/m (under irrigation conditions) and high input level using climate data source CRUTS32 based on Historical,1981-2010,CRUTS32,Historical,Jatropha,Available water content of 200 mm/m (under irrigation conditions),High,mm,Growth Cycle Attributes - Precipitation, https://s3.eu-west-1.amazonaws.com/data.gaezdev.aws.fao.org/res02/CRUTS32/Hist/8110H/jatr200a_wde.tif,000274559
jatr200b_wde,\res02\CRUTS32\Hist\8110H\jatr200b_wde.tif,Growth Cycle Attributes,Crop water deficit (mm),Crop water deficit (mm) for the time period 1981-2010 for Jatropha with an Available water content of 200 mm/m (under rain-fed conditions) and high input level using climate data source CRUTS32 based on Historical,1981-2010,CRUTS32,Historical,Jatropha,Available water content of 200 mm/m (under rain-fed conditions),High,mm,Growth Cycle Attributes - Precipitation, https://s3.eu-west-1.amazonaws.com/data.gaezdev.aws.fao.org/res02/CRUTS32/Hist/8110H/jatr200b_wde.tif,000273462
lmze200a_wde,\res02\CRUTS32\Hist\8110H\lmze200a_wde.tif,Growth Cycle Attributes,Crop water deficit (mm),Crop water deficit (mm) for the time period 1981-2010 for Lowland maize with an Available water content of 200 mm/m (under irrigation conditions) and high input level using climate data source CRUTS32 based on Historical,1981-2010,CRUTS32,Historical,Lowland maize,Available water content of 200 mm/m (under irrigation conditions),High,mm,Growth Cycle Attributes - Precipitation, https://s3.eu-west-1.amazonaws.com/data.gaezdev.aws.fao.org/res02/CRUTS32/Hist/8110H/lmze200a_wde.tif,000272065
lmze200b_wde,\res02\CRUTS32\Hist\8110H\lmze200b_wde.tif,Growth Cycle Attributes,Crop water deficit (mm),Crop water deficit (mm) for the time period 1981-2010 for Lowland maize with an Available water content of 200 mm/m (under rain-fed conditions) and high input level using climate data source CRUTS32 based on Historical,1981-2010,CRUTS32,Historical,Lowland maize,Available water content of 200 mm/m (under rain-fed conditions),High,mm,Growth Cycle Attributes - Precipitation, https://s3.eu-west-1.amazonaws.com/data.gaezdev.aws.fao.org/res02/CRUTS32/Hist/8110H/lmze200b_wde.tif,000275719
lsrg200a_wde,\res02\CRUTS32\Hist\8110H\lsrg200a_wde.tif,Growth Cycle Attributes,Crop water deficit (mm),Crop water deficit (mm) for the time period 1981-2010 for Lowland sorghum with an Available water content of 200 mm/m (under irrigation conditions) and high input level using climate data source CRUTS32 based on Historical,1981-2010,CRUTS32,Historical,Lowland sorghum,Available water content of 200 mm/m (under irrigation conditions),High,mm,Growth Cycle Attributes - Precipitation, https://s3.eu-west-1.amazonaws.com/data.gaezdev.aws.fao.org/res02/CRUTS32/Hist/8110H/lsrg200a_wde.tif,000274724
lsrg200b_wde,\res02\CRUTS32\Hist\8110H\lsrg200b_wde.tif,Growth Cycle Attributes,Crop water deficit (mm),Crop water deficit (mm) for the time period 1981-2010 for Lowland sorghum with an Available water content of 200 mm/m (under rain-fed conditions) and high input level using climate data source CRUTS32 based on Historical,1981-2010,CRUTS32,Historical,Lowland sorghum,Available water content of 200 mm/m (under rain-fed conditions),High,mm,Growth Cycle Attributes - Precipitation, https://s3.eu-west-1.amazonaws.com/data.gaezdev.aws.fao.org/res02/CRUTS32/Hist/8110H/lsrg200b_wde.tif,000275390
maiz200a_wde,\res02\CRUTS32\Hist\8110H\maiz200a_wde.tif,Growth Cycle Attributes,Crop water deficit (mm),Crop water deficit (mm) for the time period 1981-2010 for Maize with an Available water content of 200 mm/m (under irrigation conditions) and high input level using climate data source CRUTS32 based on Historical,1981-2010,CRUTS32,Historical,Maize,Available water content of 200 mm/m (under irrigation conditions),High,mm,Growth Cycle Attributes - Precipitation, https://s3.eu-west-1.amazonaws.com/data.gaezdev.aws.fao.org/res02/CRUTS32/Hist/8110H/maiz200a_wde.tif,000271833
maiz200b_wde,\res02\CRUTS32\Hist\8110H\maiz200b_wde.tif,Growth Cycle Attributes,Crop water deficit (mm),Crop water deficit (mm) for the time period 1981-2010 for Maize with an Available water content of 200 mm/m (under rain-fed conditions) and high input level using climate data source CRUTS32 based on Historical,1981-2010,CRUTS32,Historical,Maize,Available water content of 200 mm/m (under rain-fed conditions),High,mm,Growth Cycle Attributes - Precipitation, https://s3.eu-west-1.amazonaws.com/data.gaezdev.aws.fao.org/res02/CRUTS32/Hist/8110H/maiz200b_wde.tif,000271382
misc200a_wde,\res02\CRUTS32\Hist\8110H\misc200a_wde.tif,Growth Cycle Attributes,Crop water deficit (mm),Crop water deficit (mm) for the time period 1981-2010 for Miscanthus with an Available water content of 200 mm/m (under irrigation conditions) and high input level using climate data source CRUTS32 based on Historical,1981-2010,CRUTS32,Historical,Miscanthus,Available water content of 200 mm/m (under irrigation conditions),High,mm,Growth Cycle Attributes - Precipitation, https://s3.eu-west-1.amazonaws.com/data.gaezdev.aws.fao.org/res02/CRUTS32/Hist/8110H/misc200a_wde.tif,000274342
misc200b_wde,\res02\CRUTS32\Hist\8110H\misc200b_wde.tif,Growth Cycle Attributes,Crop water deficit (mm),Crop water deficit (mm) for the time period 1981-2010 for Miscanthus with an Available water content of 200 mm/m (under rain-fed conditions) and high input level using climate data source CRUTS32 based on Historical,1981-2010,CRUTS32,Historical,Miscanthus,Available water content of 200 mm/m (under rain-fed conditions),High,mm,Growth Cycle Attributes - Precipitation, https://s3.eu-west-1.amazonaws.com/data.gaezdev.aws.fao.org/res02/CRUTS32/Hist/8110H/misc200b_wde.tif,000272862
mllt200a_wde,\res02\CRUTS32\Hist\8110H\mllt200a_wde.tif,Growth Cycle Attributes,Crop water deficit (mm),Crop water deficit (mm) for the time period 1981-2010 for Millet with an Available water content of 200 mm/m (under irrigation conditions) and high input level using climate data source CRUTS32 based on Historical,1981-2010,CRUTS32,Historical,Millet,Available water content of 200 mm/m (under irrigation conditions),High,mm,Growth Cycle Attributes - Precipitation, https://s3.eu-west-1.amazonaws.com/data.gaezdev.aws.fao.org/res02/CRUTS32/Hist/8110H/mllt200a_wde.tif,000273337
mllt200b_wde,\res02\CRUTS32\Hist\8110H\mllt200b_wde.tif,Growth Cycle Attributes,Crop water deficit (mm),Crop water deficit (mm) for the time period 1981-2010 for Millet with an Available water content of 200 mm/m (under rain-fed conditions) and high input level using climate data source CRUTS32 based on Historical,1981-2010,CRUTS32,Historical,Millet,Available water content of 200 mm/m (under rain-fed conditions),High,mm,Growth Cycle Attributes - Precipitation, https://s3.eu-west-1.amazonaws.com/data.gaezdev.aws.fao.org/res02/CRUTS32/Hist/8110H/mllt200b_wde.tif,000273651
mzsi200a_wde,\res02\CRUTS32\Hist\8110H\mzsi200a_wde.tif,Growth Cycle Attributes,Crop water deficit (mm),Crop water deficit (mm) for the time period 1981-2010 for Silage maize with an Available water content of 200 mm/m (under irrigation conditions) and high input level using climate data source CRUTS32 based on Historical,1981-2010,CRUTS32,Historical,Silage maize,Available water content of 200 mm/m (under irrigation conditions),High,mm,Growth Cycle Attributes - Precipitation, https://s3.eu-west-1.amazonaws.com/data.gaezdev.aws.fao.org/res02/CRUTS32/Hist/8110H/mzsi200a_wde.tif,000272558
mzsi200b_wde,\res02\CRUTS32\Hist\8110H\mzsi200b_wde.tif,Growth Cycle Attributes,Crop water deficit (mm),Crop water deficit (mm) for the time period 1981-2010 for Silage maize with an Available water content of 200 mm/m (under rain-fed conditions) and high input level using climate data source CRUTS32 based on Historical,1981-2010,CRUTS32,Historical,Silage maize,Available water content of 200 mm/m (under rain-fed conditions),High,mm,Growth Cycle Attributes - Precipitation, https://s3.eu-west-1.amazonaws.com/data.gaezdev.aws.fao.org/res02/CRUTS32/Hist/8110H/mzsi200b_wde.tif,000276776
napr200a_wde,\res02\CRUTS32\Hist\8110H\napr200a_wde.tif,Growth Cycle Attributes,Crop water deficit (mm),Crop water deficit (mm) for the time period 1981-2010 for Napier grass with an Available water content of 200 mm/m (under irrigation conditions) and high input level using climate data source CRUTS32 based on Historical,1981-2010,CRUTS32,Historical,Napier grass,Available water content of 200 mm/m (under irrigation conditions),High,mm,Growth Cycle Attributes - Precipitation, https://s3.eu-west-1.amazonaws.com/data.gaezdev.aws.fao.org/res02/CRUTS32/Hist/8110H/napr200a_wde.tif,000501453
napr200b_wde,\res02\CRUTS32\Hist\8110H\napr200b_wde.tif,Growth Cycle Attributes,Crop water deficit (mm),Crop water deficit (mm) for the time period 1981-2010 for Napier grass with an Available water content of 200 mm/m (under rain-fed conditions) and high input level using climate data source CRUTS32 based on Historical,1981-2010,CRUTS32,Historical,Napier grass,Available water content of 200 mm/m (under rain-fed conditions),High,mm,Growth Cycle Attributes - Precipitation, https://s3.eu-west-1.amazonaws.com/data.gaezdev.aws.fao.org/res02/CRUTS32/Hist/8110H/napr200b_wde.tif,000501464
oats200a_wde,\res02\CRUTS32\Hist\8110H\oats200a_wde.tif,Growth Cycle Attributes,Crop water deficit (mm),Crop water deficit (mm) for the time period 1981-2010 for Oat with an Available water content of 200 mm/m (under irrigation conditions) and high input level using climate data source CRUTS32 based on Historical,1981-2010,CRUTS32,Historical,Oat,Available water content of 200 mm/m (under irrigation conditions),High,mm,Growth Cycle Attributes - Precipitation, https://s3.eu-west-1.amazonaws.com/data.gaezdev.aws.fao.org/res02/CRUTS32/Hist/8110H/oats200a_wde.tif,000276558
oats200b_wde,\res02\CRUTS32\Hist\8110H\oats200b_wde.tif,Growth Cycle Attributes,Crop water deficit (mm),Crop water deficit (mm) for the time period 1981-2010 for Oat with an Available water content of 200 mm/m (under rain-fed conditions) and high input level using climate data source CRUTS32 based on Historical,1981-2010,CRUTS32,Historical,Oat,Available water content of 200 mm/m (under rain-fed conditions),High,mm,Growth Cycle Attributes - Precipitation, https://s3.eu-west-1.amazonaws.com/data.gaezdev.aws.fao.org/res02/CRUTS32/Hist/8110H/oats200b_wde.tif,000275141
oilp200a_wde,\res02\CRUTS32\Hist\8110H\oilp200a_wde.tif,Growth Cycle Attributes,Crop water deficit (mm),Crop water deficit (mm) for the time period 1981-2010 for Oil palm with an Available water content of 200 mm/m (under irrigation conditions) and high input level using climate data source CRUTS32 based on Historical,1981-2010,CRUTS32,Historical,Oil palm,Available water content of 200 mm/m (under irrigation conditions),High,mm,Growth Cycle Attributes - Precipitation, https://s3.eu-west-1.amazonaws.com/data.gaezdev.aws.fao.org/res02/CRUTS32/Hist/8110H/oilp200a_wde.tif,000275412
oilp200b_wde,\res02\CRUTS32\Hist\8110H\oilp200b_wde.tif,Growth Cycle Attributes,Crop water deficit (mm),Crop water deficit (mm) for the time period 1981-2010 for Oil palm with an Available water content of 200 mm/m (under rain-fed conditions) and high input level using climate data source CRUTS32 based on Historical,1981-2010,CRUTS32,Historical,Oil palm,Available water content of 200 mm/m (under rain-fed conditions),High,mm,Growth Cycle Attributes - Precipitation, https://s3.eu-west-1.amazonaws.com/data.gaezdev.aws.fao.org/res02/CRUTS32/Hist/8110H/oilp200b_wde.tif,000275982
oliv200a_wde,\res02\CRUTS32\Hist\8110H\oliv200a_wde.tif,Growth Cycle Attributes,Crop water deficit (mm),Crop water deficit (mm) for the time period 1981-2010 for Olive with an Available water content of 200 mm/m (under irrigation conditions) and high input level using climate data source CRUTS32 based on Historical,1981-2010,CRUTS32,Historical,Olive,Available water content of 200 mm/m (under irrigation conditions),High,mm,Growth Cycle Attributes - Precipitation, https://s3.eu-west-1.amazonaws.com/data.gaezdev.aws.fao.org/res02/CRUTS32/Hist/8110H/oliv200a_wde.tif,000274686
oliv200b_wde,\res02\CRUTS32\Hist\8110H\oliv200b_wde.tif,Growth Cycle Attributes,Crop water deficit (mm),Crop water deficit (mm) for the time period 1981-2010 for Olive with an Available water content of 200 mm/m (under rain-fed conditions) and high input level using climate data source CRUTS32 based on Historical,1981-2010,CRUTS32,Historical,Olive,Available water content of 200 mm/m (under rain-fed conditions),High,mm,Growth Cycle Attributes - Precipitation, https://s3.eu-west-1.amazonaws.com/data.gaezdev.aws.fao.org/res02/CRUTS32/Hist/8110H/oliv200b_wde.tif,000274567
onio200a_wde,\res02\CRUTS32\Hist\8110H\onio200a_wde.tif,Growth Cycle Attributes,Crop water deficit (mm),Crop water deficit (mm) for the time period 1981-2010 for Onion with an Available water content of 200 mm/m (under irrigation conditions) and high input level using climate data source CRUTS32 based on Historical,1981-2010,CRUTS32,Historical,Onion,Available water content of 200 mm/m (under irrigation conditions),High,mm,Growth Cycle Attributes - Precipitation, https://s3.eu-west-1.amazonaws.com/data.gaezdev.aws.fao.org/res02/CRUTS32/Hist/8110H/onio200a_wde.tif,000276215
onio200b_wde,\res02\CRUTS32\Hist\8110H\onio200b_wde.tif,Growth Cycle Attributes,Crop water deficit (mm),Crop water deficit (mm) for the time period 1981-2010 for Onion with an Available water content of 200 mm/m (under rain-fed conditions) and high input level using climate data source CRUTS32 based on Historical,1981-2010,CRUTS32,Historical,Onion,Available water content of 200 mm/m (under rain-fed conditions),High,mm,Growth Cycle Attributes - Precipitation, https://s3.eu-west-1.amazonaws.com/data.gaezdev.aws.fao.org/res02/CRUTS32/Hist/8110H/onio200b_wde.tif,000274847
pigp200a_wde,\res02\CRUTS32\Hist\8110H\pigp200a_wde.tif,Growth Cycle Attributes,Crop water deficit (mm),Crop water deficit (mm) for the time period 1981-2010 for Pigeonpea with an Available water content of 200 mm/m (under irrigation conditions) and high input level using climate data source CRUTS32 based on Historical,1981-2010,CRUTS32,Historical,Pigeonpea,Available water content of 200 mm/m (under irrigation conditions),High,mm,Growth Cycle Attributes - Precipitation, https://s3.eu-west-1.amazonaws.com/data.gaezdev.aws.fao.org/res02/CRUTS32/Hist/8110H/pigp200a_wde.tif,000275069
pigp200b_wde,\res02\CRUTS32\Hist\8110H\pigp200b_wde.tif,Growth Cycle Attributes,Crop water deficit (mm),Crop water deficit (mm) for the time period 1981-2010 for Pigeonpea with an Available water content of 200 mm/m (under rain-fed conditions) and high input level using climate data source CRUTS32 based on Historical,1981-2010,CRUTS32,Historical,Pigeonpea,Available water content of 200 mm/m (under rain-fed conditions),High,mm,Growth Cycle Attributes - Precipitation, https://s3.eu-west-1.amazonaws.com/data.gaezdev.aws.fao.org/res02/CRUTS32/Hist/8110H/pigp200b_wde.tif,000275997
pmlt200a_wde,\res02\CRUTS32\Hist\8110H\pmlt200a_wde.tif,Growth Cycle Attributes,Crop water deficit (mm),Crop water deficit (mm) for the time period 1981-2010 for Pearl millet with an Available water content of 200 mm/m (under irrigation conditions) and high input level using climate data source CRUTS32 based on Historical,1981-2010,CRUTS32,Historical,Pearl millet,Available water content of 200 mm/m (under irrigation conditions),High,mm,Growth Cycle Attributes - Precipitation, https://s3.eu-west-1.amazonaws.com/data.gaezdev.aws.fao.org/res02/CRUTS32/Hist/8110H/pmlt200a_wde.tif,000274624
pmlt200b_wde,\res02\CRUTS32\Hist\8110H\pmlt200b_wde.tif,Growth Cycle Attributes,Crop water deficit (mm),Crop water deficit (mm) for the time period 1981-2010 for Pearl millet with an Available water content of 200 mm/m (under rain-fed conditions) and high input level using climate data source CRUTS32 based on Historical,1981-2010,CRUTS32,Historical,Pearl millet,Available water content of 200 mm/m (under rain-fed conditions),High,mm,Growth Cycle Attributes - Precipitation, https://s3.eu-west-1.amazonaws.com/data.gaezdev.aws.fao.org/res02/CRUTS32/Hist/8110H/pmlt200b_wde.tif,000272433
prub200a_wde,\res02\CRUTS32\Hist\8110H\prub200a_wde.tif,Growth Cycle Attributes,Crop water deficit (mm),Crop water deficit (mm) for the time period 1981-2010 for Para rubber with an Available water content of 200 mm/m (under irrigation conditions) and high input level using climate data source CRUTS32 based on Historical,1981-2010,CRUTS32,Historical,Para rubber,Available water content of 200 mm/m (under irrigation conditions),High,mm,Growth Cycle Attributes - Precipitation, https://s3.eu-west-1.amazonaws.com/data.gaezdev.aws.fao.org/res02/CRUTS32/Hist/8110H/prub200a_wde.tif,000501475
prub200b_wde,\res02\CRUTS32\Hist\8110H\prub200b_wde.tif,Growth Cycle Attributes,Crop water deficit (mm),Crop water deficit (mm) for the time period 1981-2010 for Para rubber with an Available water content of 200 mm/m (under rain-fed conditions) and high input level using climate data source CRUTS32 based on Historical,1981-2010,CRUTS32,Historical,Para rubber,Available water content of 200 mm/m (under rain-fed conditions),High,mm,Growth Cycle Attributes - Precipitation, https://s3.eu-west-1.amazonaws.com/data.gaezdev.aws.fao.org/res02/CRUTS32/Hist/8110H/prub200b_wde.tif,000501486
rape200a_wde,\res02\CRUTS32\Hist\8110H\rape200a_wde.tif,Growth Cycle Attributes,Crop water deficit (mm),Crop water deficit (mm) for the time period 1981-2010 for Rapeseed with an Available water content of 200 mm/m (under irrigation conditions) and high input level using climate data source CRUTS32 based on Historical,1981-2010,CRUTS32,Historical,Rapeseed,Available water content of 200 mm/m (under irrigation conditions),High,mm,Growth Cycle Attributes - Precipitation, https://s3.eu-west-1.amazonaws.com/data.gaezdev.aws.fao.org/res02/CRUTS32/Hist/8110H/rape200a_wde.tif,000274209
rape200b_wde,\res02\CRUTS32\Hist\8110H\rape200b_wde.tif,Growth Cycle Attributes,Crop water deficit (mm),Crop water deficit (mm) for the time period 1981-2010 for Rapeseed with an Available water content of 200 mm/m (under rain-fed conditions) and high input level using climate data source CRUTS32 based on Historical,1981-2010,CRUTS32,Historical,Rapeseed,Available water content of 200 mm/m (under rain-fed conditions),High,mm,Growth Cycle Attributes - Precipitation, https://s3.eu-west-1.amazonaws.com/data.gaezdev.aws.fao.org/res02/CRUTS32/Hist/8110H/rape200b_wde.tif,000276433
rcgr200a_wde,\res02\CRUTS32\Hist\8110H\rcgr200a_wde.tif,Growth Cycle Attributes,Crop water deficit (mm),Crop water deficit (mm) for the time period 1981-2010 for Reed canary grass with an Available water content of 200 mm/m (under irrigation conditions) and high input level using climate data source CRUTS32 based on Historical,1981-2010,CRUTS32,Historical,Reed canary grass,Available water content of 200 mm/m (under irrigation conditions),High,mm,Growth Cycle Attributes - Precipitation, https://s3.eu-west-1.amazonaws.com/data.gaezdev.aws.fao.org/res02/CRUTS32/Hist/8110H/rcgr200a_wde.tif,000274784
rcgr200b_wde,\res02\CRUTS32\Hist\8110H\rcgr200b_wde.tif,Growth Cycle Attributes,Crop water deficit (mm),Crop water deficit (mm) for the time period 1981-2010 for Reed canary grass with an Available water content of 200 mm/m (under rain-fed conditions) and high input level using climate data source CRUTS32 based on Historical,1981-2010,CRUTS32,Historical,Reed canary grass,Available water content of 200 mm/m (under rain-fed conditions),High,mm,Growth Cycle Attributes - Precipitation, https://s3.eu-west-1.amazonaws.com/data.gaezdev.aws.fao.org/res02/CRUTS32/Hist/8110H/rcgr200b_wde.tif,000275614
ricd200a_wde,\res02\CRUTS32\Hist\8110H\ricd200a_wde.tif,Growth Cycle Attributes,Crop water deficit (mm),Crop water deficit (mm) for the time period 1981-2010 for Dryland rice with an Available water content of 200 mm/m (under irrigation conditions) and high input level using climate data source CRUTS32 based on Historical,1981-2010,CRUTS32,Historical,Dryland rice,Available water content of 200 mm/m (under irrigation conditions),High,mm,Growth Cycle Attributes - Precipitation, https://s3.eu-west-1.amazonaws.com/data.gaezdev.aws.fao.org/res02/CRUTS32/Hist/8110H/ricd200a_wde.tif,000276943
ricd200b_wde,\res02\CRUTS32\Hist\8110H\ricd200b_wde.tif,Growth Cycle Attributes,Crop water deficit (mm),Crop water deficit (mm) for the time period 1981-2010 for Dryland rice with an Available water content of 200 mm/m (under rain-fed conditions) and high input level using climate data source CRUTS32 based on Historical,1981-2010,CRUTS32,Historical,Dryland rice,Available water content of 200 mm/m (under rain-fed conditions),High,mm,Growth Cycle Attributes - Precipitation, https://s3.eu-west-1.amazonaws.com/data.gaezdev.aws.fao.org/res02/CRUTS32/Hist/8110H/ricd200b_wde.tif,000276327
ricw200a_wde,\res02\CRUTS32\Hist\8110H\ricw200a_wde.tif,Growth Cycle Attributes,Crop water deficit (mm),Crop water deficit (mm) for the time period 1981-2010 for Wetland rice with an Available water content of 200 mm/m (under irrigation conditions) and high input level using climate data source CRUTS32 based on Historical,1981-2010,CRUTS32,Historical,Wetland rice,Available water content of 200 mm/m (under irrigation conditions),High,mm,Growth Cycle Attributes - Precipitation, https://s3.eu-west-1.amazonaws.com/data.gaezdev.aws.fao.org/res02/CRUTS32/Hist/8110H/ricw200a_wde.tif,000273172
ricw200b_wde,\res02\CRUTS32\Hist\8110H\ricw200b_wde.tif,Growth Cycle Attributes,Crop water deficit (mm),Crop water deficit (mm) for the time period 1981-2010 for Wetland rice with an Available water content of 200 mm/m (under rain-fed conditions) and high input level using climate data source CRUTS32 based on Historical,1981-2010,CRUTS32,Historical,Wetland rice,Available water content of 200 mm/m (under rain-fed conditions),High,mm,Growth Cycle Attributes - Precipitation, https://s3.eu-west-1.amazonaws.com/data.gaezdev.aws.fao.org/res02/CRUTS32/Hist/8110H/ricw200b_wde.tif,000276874
ryes200a_wde,\res02\CRUTS32\Hist\8110H\ryes200a_wde.tif,Growth Cycle Attributes,Crop water deficit (mm),Crop water deficit (mm) for the time period 1981-2010 for Rye with an Available water content of 200 mm/m (under irrigation conditions) and high input level using climate data source CRUTS32 based on Historical,1981-2010,CRUTS32,Historical,Rye,Available water content of 200 mm/m (under irrigation conditions),High,mm,Growth Cycle Attributes - Precipitation, https://s3.eu-west-1.amazonaws.com/data.gaezdev.aws.fao.org/res02/CRUTS32/Hist/8110H/ryes200a_wde.tif,000273106
ryes200b_wde,\res02\CRUTS32\Hist\8110H\ryes200b_wde.tif,Growth Cycle Attributes,Crop water deficit (mm),Crop water deficit (mm) for the time period 1981-2010 for Rye with an Available water content of 200 mm/m (under rain-fed conditions) and high input level using climate data source CRUTS32 based on Historical,1981-2010,CRUTS32,Historical,Rye,Available water content of 200 mm/m (under rain-fed conditions),High,mm,Growth Cycle Attributes - Precipitation, https://s3.eu-west-1.amazonaws.com/data.gaezdev.aws.fao.org/res02/CRUTS32/Hist/8110H/ryes200b_wde.tif,000275206
sbrl200a_wde,\res02\CRUTS32\Hist\8110H\sbrl200a_wde.tif,Growth Cycle Attributes,Crop water deficit (mm),Crop water deficit (mm) for the time period 1981-2010 for Spring barley with an Available water content of 200 mm/m (under irrigation conditions) and high input level using climate data source CRUTS32 based on Historical,1981-2010,CRUTS32,Historical,Spring barley,Available water content of 200 mm/m (under irrigation conditions),High,mm,Growth Cycle Attributes - Precipitation, https://s3.eu-west-1.amazonaws.com/data.gaezdev.aws.fao.org/res02/CRUTS32/Hist/8110H/sbrl200a_wde.tif,000273274
sbrl200b_wde,\res02\CRUTS32\Hist\8110H\sbrl200b_wde.tif,Growth Cycle Attributes,Crop water deficit (mm),Crop water deficit (mm) for the time period 1981-2010 for Spring barley with an Available water content of 200 mm/m (under rain-fed conditions) and high input level using climate data source CRUTS32 based on Historical,1981-2010,CRUTS32,Historical,Spring barley,Available water content of 200 mm/m (under rain-fed conditions),High,mm,Growth Cycle Attributes - Precipitation, https://s3.eu-west-1.amazonaws.com/data.gaezdev.aws.fao.org/res02/CRUTS32/Hist/8110H/sbrl200b_wde.tif,000274293
sorg200a_wde,\res02\CRUTS32\Hist\8110H\sorg200a_wde.tif,Growth Cycle Attributes,Crop water deficit (mm),Crop water deficit (mm) for the time period 1981-2010 for Sorghum with an Available water content of 200 mm/m (under irrigation conditions) and high input level using climate data source CRUTS32 based on Historical,1981-2010,CRUTS32,Historical,Sorghum,Available water content of 200 mm/m (under irrigation conditions),High,mm,Growth Cycle Attributes - Precipitation, https://s3.eu-west-1.amazonaws.com/data.gaezdev.aws.fao.org/res02/CRUTS32/Hist/8110H/sorg200a_wde.tif,000271682
sorg200b_wde,\res02\CRUTS32\Hist\8110H\sorg200b_wde.tif,Growth Cycle Attributes,Crop water deficit (mm),Crop water deficit (mm) for the time period 1981-2010 for Sorghum with an Available water content of 200 mm/m (under rain-fed conditions) and high input level using climate data source CRUTS32 based on Historical,1981-2010,CRUTS32,Historical,Sorghum,Available water content of 200 mm/m (under rain-fed conditions),High,mm,Growth Cycle Attributes - Precipitation, https://s3.eu-west-1.amazonaws.com/data.gaezdev.aws.fao.org/res02/CRUTS32/Hist/8110H/sorg200b_wde.tif,000272443
soyb200a_wde,\res02\CRUTS32\Hist\8110H\soyb200a_wde.tif,Growth Cycle Attributes,Crop water deficit (mm),Crop water deficit (mm) for the time period 1981-2010 for Soybean with an Available water content of 200 mm/m (under irrigation conditions) and high input level using climate data source CRUTS32 based on Historical,1981-2010,CRUTS32,Historical,Soybean,Available water content of 200 mm/m (under irrigation conditions),High,mm,Growth Cycle Attributes - Precipitation, https://s3.eu-west-1.amazonaws.com/data.gaezdev.aws.fao.org/res02/CRUTS32/Hist/8110H/soyb200a_wde.tif,000272058
soyb200b_wde,\res02\CRUTS32\Hist\8110H\soyb200b_wde.tif,Growth Cycle Attributes,Crop water deficit (mm),Crop water deficit (mm) for the time period 1981-2010 for Soybean with an Available water content of 200 mm/m (under rain-fed conditions) and high input level using climate data source CRUTS32 based on Historical,1981-2010,CRUTS32,Historical,Soybean,Available water content of 200 mm/m (under rain-fed conditions),High,mm,Growth Cycle Attributes - Precipitation, https://s3.eu-west-1.amazonaws.com/data.gaezdev.aws.fao.org/res02/CRUTS32/Hist/8110H/soyb200b_wde.tif,000274593
spot200a_wde,\res02\CRUTS32\Hist\8110H\spot200a_wde.tif,Growth Cycle Attributes,Crop water deficit (mm),Crop water deficit (mm) for the time period 1981-2010 for Sweet potato with an Available water content of 200 mm/m (under irrigation conditions) and high input level using climate data source CRUTS32 based on Historical,1981-2010,CRUTS32,Historical,Sweet potato,Available water content of 200 mm/m (under irrigation conditions),High,mm,Growth Cycle Attributes - Precipitation, https://s3.eu-west-1.amazonaws.com/data.gaezdev.aws.fao.org/res02/CRUTS32/Hist/8110H/spot200a_wde.tif,000275243
spot200b_wde,\res02\CRUTS32\Hist\8110H\spot200b_wde.tif,Growth Cycle Attributes,Crop water deficit (mm),Crop water deficit (mm) for the time period 1981-2010 for Sweet potato with an Available water content of 200 mm/m (under rain-fed conditions) and high input level using climate data source CRUTS32 based on Historical,1981-2010,CRUTS32,Historical,Sweet potato,Available water content of 200 mm/m (under rain-fed conditions),High,mm,Growth Cycle Attributes - Precipitation, https://s3.eu-west-1.amazonaws.com/data.gaezdev.aws.fao.org/res02/CRUTS32/Hist/8110H/spot200b_wde.tif,000272024
srye200a_wde,\res02\CRUTS32\Hist\8110H\srye200a_wde.tif,Growth Cycle Attributes,Crop water deficit (mm),Crop water deficit (mm) for the time period 1981-2010 for Spring rye with an Available water content of 200 mm/m (under irrigation conditions) and high input level using climate data source CRUTS32 based on Historical,1981-2010,CRUTS32,Historical,Spring rye,Available water content of 200 mm/m (under irrigation conditions),High,mm,Growth Cycle Attributes - Precipitation, https://s3.eu-west-1.amazonaws.com/data.gaezdev.aws.fao.org/res02/CRUTS32/Hist/8110H/srye200a_wde.tif,000275814
srye200b_wde,\res02\CRUTS32\Hist\8110H\srye200b_wde.tif,Growth Cycle Attributes,Crop water deficit (mm),Crop water deficit (mm) for the time period 1981-2010 for Spring rye with an Available water content of 200 mm/m (under rain-fed conditions) and high input level using climate data source CRUTS32 based on Historical,1981-2010,CRUTS32,Historical,Spring rye,Available water content of 200 mm/m (under rain-fed conditions),High,mm,Growth Cycle Attributes - Precipitation, https://s3.eu-west-1.amazonaws.com/data.gaezdev.aws.fao.org/res02/CRUTS32/Hist/8110H/srye200b_wde.tif,000273597
sugb200a_wde,\res02\CRUTS32\Hist\8110H\sugb200a_wde.tif,Growth Cycle Attributes,Crop water deficit (mm),Crop water deficit (mm) for the time period 1981-2010 for Sugarbeet with an Available water content of 200 mm/m (under irrigation conditions) and high input level using climate data source CRUTS32 based on Historical,1981-2010,CRUTS32,Historical,Sugarbeet,Available water content of 200 mm/m (under irrigation conditions),High,mm,Growth Cycle Attributes - Precipitation, https://s3.eu-west-1.amazonaws.com/data.gaezdev.aws.fao.org/res02/CRUTS32/Hist/8110H/sugb200a_wde.tif,000272600
sugb200b_wde,\res02\CRUTS32\Hist\8110H\sugb200b_wde.tif,Growth Cycle Attributes,Crop water deficit (mm),Crop water deficit (mm) for the time period 1981-2010 for Sugarbeet with an Available water content of 200 mm/m (under rain-fed conditions) and high input level using climate data source CRUTS32 based on Historical,1981-2010,CRUTS32,Historical,Sugarbeet,Available water content of 200 mm/m (under rain-fed conditions),High,mm,Growth Cycle Attributes - Precipitation, https://s3.eu-west-1.amazonaws.com/data.gaezdev.aws.fao.org/res02/CRUTS32/Hist/8110H/sugb200b_wde.tif,000275486
sugc200a_wde,\res02\CRUTS32\Hist\8110H\sugc200a_wde.tif,Growth Cycle Attributes,Crop water deficit (mm),Crop water deficit (mm) for the time period 1981-2010 for Sugarcane with an Available water content of 200 mm/m (under irrigation conditions) and high input level using climate data source CRUTS32 based on Historical,1981-2010,CRUTS32,Historical,Sugarcane,Available water content of 200 mm/m (under irrigation conditions),High,mm,Growth Cycle Attributes - Precipitation, https://s3.eu-west-1.amazonaws.com/data.gaezdev.aws.fao.org/res02/CRUTS32/Hist/8110H/sugc200a_wde.tif,000271326
sugc200b_wde,\res02\CRUTS32\Hist\8110H\sugc200b_wde.tif,Growth Cycle Attributes,Crop water deficit (mm),Crop water deficit (mm) for the time period 1981-2010 for Sugarcane with an Available water content of 200 mm/m (under rain-fed conditions) and high input level using climate data source CRUTS32 based on Historical,1981-2010,CRUTS32,Historical,Sugarcane,Available water content of 200 mm/m (under rain-fed conditions),High,mm,Growth Cycle Attributes - Precipitation, https://s3.eu-west-1.amazonaws.com/data.gaezdev.aws.fao.org/res02/CRUTS32/Hist/8110H/sugc200b_wde.tif,000276410
sunf200a_wde,\res02\CRUTS32\Hist\8110H\sunf200a_wde.tif,Growth Cycle Attributes,Crop water deficit (mm),Crop water deficit (mm) for the time period 1981-2010 for Sunflower with an Available water content of 200 mm/m (under irrigation conditions) and high input level using climate data source CRUTS32 based on Historical,1981-2010,CRUTS32,Historical,Sunflower,Available water content of 200 mm/m (under irrigation conditions),High,mm,Growth Cycle Attributes - Precipitation, https://s3.eu-west-1.amazonaws.com/data.gaezdev.aws.fao.org/res02/CRUTS32/Hist/8110H/sunf200a_wde.tif,000273229
sunf200b_wde,\res02\CRUTS32\Hist\8110H\sunf200b_wde.tif,Growth Cycle Attributes,Crop water deficit (mm),Crop water deficit (mm) for the time period 1981-2010 for Sunflower with an Available water content of 200 mm/m (under rain-fed conditions) and high input level using climate data source CRUTS32 based on Historical,1981-2010,CRUTS32,Historical,Sunflower,Available water content of 200 mm/m (under rain-fed conditions),High,mm,Growth Cycle Attributes - Precipitation, https://s3.eu-west-1.amazonaws.com/data.gaezdev.aws.fao.org/res02/CRUTS32/Hist/8110H/sunf200b_wde.tif,000276664
swgr200a_wde,\res02\CRUTS32\Hist\8110H\swgr200a_wde.tif,Growth Cycle Attributes,Crop water deficit (mm),Crop water deficit (mm) for the time period 1981-2010 for Switchgrass with an Available water content of 200 mm/m (under irrigation conditions) and high input level using climate data source CRUTS32 based on Historical,1981-2010,CRUTS32,Historical,Switchgrass,Available water content of 200 mm/m (under irrigation conditions),High,mm,Growth Cycle Attributes - Precipitation, https://s3.eu-west-1.amazonaws.com/data.gaezdev.aws.fao.org/res02/CRUTS32/Hist/8110H/swgr200a_wde.tif,000276838
swgr200b_wde,\res02\CRUTS32\Hist\8110H\swgr200b_wde.tif,Growth Cycle Attributes,Crop water deficit (mm),Crop water deficit (mm) for the time period 1981-2010 for Switchgrass with an Available water content of 200 mm/m (under rain-fed conditions) and high input level using climate data source CRUTS32 based on Historical,1981-2010,CRUTS32,Historical,Switchgrass,Available water content of 200 mm/m (under rain-fed conditions),High,mm,Growth Cycle Attributes - Precipitation, https://s3.eu-west-1.amazonaws.com/data.gaezdev.aws.fao.org/res02/CRUTS32/Hist/8110H/swgr200b_wde.tif,000272817
swhe200a_wde,\res02\CRUTS32\Hist\8110H\swhe200a_wde.tif,Growth Cycle Attributes,Crop water deficit (mm),Crop water deficit (mm) for the time period 1981-2010 for Spring wheat with an Available water content of 200 mm/m (under irrigation conditions) and high input level using climate data source CRUTS32 based on Historical,1981-2010,CRUTS32,Historical,Spring wheat,Available water content of 200 mm/m (under irrigation conditions),High,mm,Growth Cycle Attributes - Precipitation, https://s3.eu-west-1.amazonaws.com/data.gaezdev.aws.fao.org/res02/CRUTS32/Hist/8110H/swhe200a_wde.tif,000274467
swhe200b_wde,\res02\CRUTS32\Hist\8110H\swhe200b_wde.tif,Growth Cycle Attributes,Crop water deficit (mm),Crop water deficit (mm) for the time period 1981-2010 for Spring wheat with an Available water content of 200 mm/m (under rain-fed conditions) and high input level using climate data source CRUTS32 based on Historical,1981-2010,CRUTS32,Historical,Spring wheat,Available water content of 200 mm/m (under rain-fed conditions),High,mm,Growth Cycle Attributes - Precipitation, https://s3.eu-west-1.amazonaws.com/data.gaezdev.aws.fao.org/res02/CRUTS32/Hist/8110H/swhe200b_wde.tif,000271620
teas200a_wde,\res02\CRUTS32\Hist\8110H\teas200a_wde.tif,Growth Cycle Attributes,Crop water deficit (mm),Crop water deficit (mm) for the time period 1981-2010 for Tea with an Available water content of 200 mm/m (under irrigation conditions) and high input level using climate data source CRUTS32 based on Historical,1981-2010,CRUTS32,Historical,Tea,Available water content of 200 mm/m (under irrigation conditions),High,mm,Growth Cycle Attributes - Precipitation, https://s3.eu-west-1.amazonaws.com/data.gaezdev.aws.fao.org/res02/CRUTS32/Hist/8110H/teas200a_wde.tif,000272280
teas200b_wde,\res02\CRUTS32\Hist\8110H\teas200b_wde.tif,Growth Cycle Attributes,Crop water deficit (mm),Crop water deficit (mm) for the time period 1981-2010 for Tea with an Available water content of 200 mm/m (under rain-fed conditions) and high input level using climate data source CRUTS32 based on Historical,1981-2010,CRUTS32,Historical,Tea,Available water content of 200 mm/m (under rain-fed conditions),High,mm,Growth Cycle Attributes - Precipitation, https://s3.eu-west-1.amazonaws.com/data.gaezdev.aws.fao.org/res02/CRUTS32/Hist/8110H/teas200b_wde.tif,000271464
tmze200a_wde,\res02\CRUTS32\Hist\8110H\tmze200a_wde.tif,Growth Cycle Attributes,Crop water deficit (mm),Crop water deficit (mm) for the time period 1981-2010 for Temperate maize with an Available water content of 200 mm/m (under irrigation conditions) and high input level using climate data source CRUTS32 based on Historical,1981-2010,CRUTS32,Historical,Temperate maize,Available water content of 200 mm/m (under irrigation conditions),High,mm,Growth Cycle Attributes - Precipitation, https://s3.eu-west-1.amazonaws.com/data.gaezdev.aws.fao.org/res02/CRUTS32/Hist/8110H/tmze200a_wde.tif,000276646
tmze200b_wde,\res02\CRUTS32\Hist\8110H\tmze200b_wde.tif,Growth Cycle Attributes,Crop water deficit (mm),Crop water deficit (mm) for the time period 1981-2010 for Temperate maize with an Available water content of 200 mm/m (under rain-fed conditions) and high input level using climate data source CRUTS32 based on Historical,1981-2010,CRUTS32,Historical,Temperate maize,Available water content of 200 mm/m (under rain-fed conditions),High,mm,Growth Cycle Attributes - Precipitation, https://s3.eu-west-1.amazonaws.com/data.gaezdev.aws.fao.org/res02/CRUTS32/Hist/8110H/tmze200b_wde.tif,000276692
toba200a_wde,\res02\CRUTS32\Hist\8110H\toba200a_wde.tif,Growth Cycle Attributes,Crop water deficit (mm),Crop water deficit (mm) for the time period 1981-2010 for Tobacco with an Available water content of 200 mm/m (under irrigation conditions) and high input level using climate data source CRUTS32 based on Historical,1981-2010,CRUTS32,Historical,Tobacco,Available water content of 200 mm/m (under irrigation conditions),High,mm,Growth Cycle Attributes - Precipitation, https://s3.eu-west-1.amazonaws.com/data.gaezdev.aws.fao.org/res02/CRUTS32/Hist/8110H/toba200a_wde.tif,000276355
toba200b_wde,\res02\CRUTS32\Hist\8110H\toba200b_wde.tif,Growth Cycle Attributes,Crop water deficit (mm),Crop water deficit (mm) for the time period 1981-2010 for Tobacco with an Available water content of 200 mm/m (under rain-fed conditions) and high input level using climate data source CRUTS32 based on Historical,1981-2010,CRUTS32,Historical,Tobacco,Available water content of 200 mm/m (under rain-fed conditions),High,mm,Growth Cycle Attributes - Precipitation, https://s3.eu-west-1.amazonaws.com/data.gaezdev.aws.fao.org/res02/CRUTS32/Hist/8110H/toba200b_wde.tif,000274963
toma200a_wde,\res02\CRUTS32\Hist\8110H\toma200a_wde.tif,Growth Cycle Attributes,Crop water deficit (mm),Crop water deficit (mm) for the time period 1981-2010 for Tomato with an Available water content of 200 mm/m (under irrigation conditions) and high input level using climate data source CRUTS32 based on Historical,1981-2010,CRUTS32,Historical,Tomato,Available water content of 200 mm/m (under irrigation conditions),High,mm,Growth Cycle Attributes - Precipitation, https://s3.eu-west-1.amazonaws.com/data.gaezdev.aws.fao.org/res02/CRUTS32/Hist/8110H/toma200a_wde.tif,000276323
toma200b_wde,\res02\CRUTS32\Hist\8110H\toma200b_wde.tif,Growth Cycle Attributes,Crop water deficit (mm),Crop water deficit (mm) for the time period 1981-2010 for Tomato with an Available water content of 200 mm/m (under rain-fed conditions) and high input level using climate data source CRUTS32 based on Historical,1981-2010,CRUTS32,Historical,Tomato,Available water content of 200 mm/m (under rain-fed conditions),High,mm,Growth Cycle Attributes - Precipitation, https://s3.eu-west-1.amazonaws.com/data.gaezdev.aws.fao.org/res02/CRUTS32/Hist/8110H/toma200b_wde.tif,000275410
tsrg200a_wde,\res02\CRUTS32\Hist\8110H\tsrg200a_wde.tif,Growth Cycle Attributes,Crop water deficit (mm),Crop water deficit (mm) for the time period 1981-2010 for Temperate sorghum with an Available water content of 200 mm/m (under irrigation conditions) and high input level using climate data source CRUTS32 based on Historical,1981-2010,CRUTS32,Historical,Temperate sorghum,Available water content of 200 mm/m (under irrigation conditions),High,mm,Growth Cycle Attributes - Precipitation, https://s3.eu-west-1.amazonaws.com/data.gaezdev.aws.fao.org/res02/CRUTS32/Hist/8110H/tsrg200a_wde.tif,000272776
tsrg200b_wde,\res02\CRUTS32\Hist\8110H\tsrg200b_wde.tif,Growth Cycle Attributes,Crop water deficit (mm),Crop water deficit (mm) for the time period 1981-2010 for Temperate sorghum with an Available water content of 200 mm/m (under rain-fed conditions) and high input level using climate data source CRUTS32 based on Historical,1981-2010,CRUTS32,Historical,Temperate sorghum,Available water content of 200 mm/m (under rain-fed conditions),High,mm,Growth Cycle Attributes - Precipitation, https://s3.eu-west-1.amazonaws.com/data.gaezdev.aws.fao.org/res02/CRUTS32/Hist/8110H/tsrg200b_wde.tif,000275722
wbrl200a_wde,\res02\CRUTS32\Hist\8110H\wbrl200a_wde.tif,Growth Cycle Attributes,Crop water deficit (mm),Crop water deficit (mm) for the time period 1981-2010 for Winter barley with an Available water content of 200 mm/m (under irrigation conditions) and high input level using climate data source CRUTS32 based on Historical,1981-2010,CRUTS32,Historical,Winter barley,Available water content of 200 mm/m (under irrigation conditions),High,mm,Growth Cycle Attributes - Precipitation, https://s3.eu-west-1.amazonaws.com/data.gaezdev.aws.fao.org/res02/CRUTS32/Hist/8110H/wbrl200a_wde.tif,000276171
wbrl200b_wde,\res02\CRUTS32\Hist\8110H\wbrl200b_wde.tif,Growth Cycle Attributes,Crop water deficit (mm),Crop water deficit (mm) for the time period 1981-2010 for Winter barley with an Available water content of 200 mm/m (under rain-fed conditions) and high input level using climate data source CRUTS32 based on Historical,1981-2010,CRUTS32,Historical,Winter barley,Available water content of 200 mm/m (under rain-fed conditions),High,mm,Growth Cycle Attributes - Precipitation, https://s3.eu-west-1.amazonaws.com/data.gaezdev.aws.fao.org/res02/CRUTS32/Hist/8110H/wbrl200b_wde.tif,000272010
whea200a_wde,\res02\CRUTS32\Hist\8110H\whea200a_wde.tif,Growth Cycle Attributes,Crop water deficit (mm),Crop water deficit (mm) for the time period 1981-2010 for Wheat with an Available water content of 200 mm/m (under irrigation conditions) and high input level using climate data source CRUTS32 based on Historical,1981-2010,CRUTS32,Historical,Wheat,Available water content of 200 mm/m (under irrigation conditions),High,mm,Growth Cycle Attributes - Precipitation, https://s3.eu-west-1.amazonaws.com/data.gaezdev.aws.fao.org/res02/CRUTS32/Hist/8110H/whea200a_wde.tif,000276398
whea200b_wde,\res02\CRUTS32\Hist\8110H\whea200b_wde.tif,Growth Cycle Attributes,Crop water deficit (mm),Crop water deficit (mm) for the time period 1981-2010 for Wheat with an Available water content of 200 mm/m (under rain-fed conditions) and high input level using climate data source CRUTS32 based on Historical,1981-2010,CRUTS32,Historical,Wheat,Available water content of 200 mm/m (under rain-fed conditions),High,mm,Growth Cycle Attributes - Precipitation, https://s3.eu-west-1.amazonaws.com/data.gaezdev.aws.fao.org/res02/CRUTS32/Hist/8110H/whea200b_wde.tif,000272036
wpot200a_wde,\res02\CRUTS32\Hist\8110H\wpot200a_wde.tif,Growth Cycle Attributes,Crop water deficit (mm),Crop water deficit (mm) for the time period 1981-2010 for White potato with an Available water content of 200 mm/m (under irrigation conditions) and high input level using climate data source CRUTS32 based on Historical,1981-2010,CRUTS32,Historical,White potato,Available water content of 200 mm/m (under irrigation conditions),High,mm,Growth Cycle Attributes - Precipitation, https://s3.eu-west-1.amazonaws.com/data.gaezdev.aws.fao.org/res02/CRUTS32/Hist/8110H/wpot200a_wde.tif,000276132
wpot200b_wde,\res02\CRUTS32\Hist\8110H\wpot200b_wde.tif,Growth Cycle Attributes,Crop water deficit (mm),Crop water deficit (mm) for the time period 1981-2010 for White potato with an Available water content of 200 mm/m (under rain-fed conditions) and high input level using climate data source CRUTS32 based on Historical,1981-2010,CRUTS32,Historical,White potato,Available water content of 200 mm/m (under rain-fed conditions),High,mm,Growth Cycle Attributes - Precipitation, https://s3.eu-west-1.amazonaws.com/data.gaezdev.aws.fao.org/res02/CRUTS32/Hist/8110H/wpot200b_wde.tif,000272095
wrye200a_wde,\res02\CRUTS32\Hist\8110H\wrye200a_wde.tif,Growth Cycle Attributes,Crop water deficit (mm),Crop water deficit (mm) for the time period 1981-2010 for Winter rye with an Available water content of 200 mm/m (under irrigation conditions) and high input level using climate data source CRUTS32 based on Historical,1981-2010,CRUTS32,Historical,Winter rye,Available water content of 200 mm/m (under irrigation conditions),High,mm,Growth Cycle Attributes - Precipitation, https://s3.eu-west-1.amazonaws.com/data.gaezdev.aws.fao.org/res02/CRUTS32/Hist/8110H/wrye200a_wde.tif,000273471
wrye200b_wde,\res02\CRUTS32\Hist\8110H\wrye200b_wde.tif,Growth Cycle Attributes,Crop water deficit (mm),Crop water deficit (mm) for the time period 1981-2010 for Winter rye with an Available water content of 200 mm/m (under rain-fed conditions) and high input level using climate data source CRUTS32 based on Historical,1981-2010,CRUTS32,Historical,Winter rye,Available water content of 200 mm/m (under rain-fed conditions),High,mm,Growth Cycle Attributes - Precipitation, https://s3.eu-west-1.amazonaws.com/data.gaezdev.aws.fao.org/res02/CRUTS32/Hist/8110H/wrye200b_wde.tif,000275959
wwhe200a_wde,\res02\CRUTS32\Hist\8110H\wwhe200a_wde.tif,Growth Cycle Attributes,Crop water deficit (mm),Crop water deficit (mm) for the time period 1981-2010 for Winter wheat with an Available water content of 200 mm/m (under irrigation conditions) and high input level using climate data source CRUTS32 based on Historical,1981-2010,CRUTS32,Historical,Winter wheat,Available water content of 200 mm/m (under irrigation conditions),High,mm,Growth Cycle Attributes - Precipitation, https://s3.eu-west-1.amazonaws.com/data.gaezdev.aws.fao.org/res02/CRUTS32/Hist/8110H/wwhe200a_wde.tif,000276798
wwhe200b_wde,\res02\CRUTS32\Hist\8110H\wwhe200b_wde.tif,Growth Cycle Attributes,Crop water deficit (mm),Crop water deficit (mm) for the time period 1981-2010 for Winter wheat with an Available water content of 200 mm/m (under rain-fed conditions) and high input level using climate data source CRUTS32 based on Historical,1981-2010,CRUTS32,Historical,Winter wheat,Available water content of 200 mm/m (under rain-fed conditions),High,mm,Growth Cycle Attributes - Precipitation, https://s3.eu-west-1.amazonaws.com/data.gaezdev.aws.fao.org/res02/CRUTS32/Hist/8110H/wwhe200b_wde.tif,000276736
wyam200a_wde,\res02\CRUTS32\Hist\8110H\wyam200a_wde.tif,Growth Cycle Attributes,Crop water deficit (mm),Crop water deficit (mm) for the time period 1981-2010 for White yam with an Available water content of 200 mm/m (under irrigation conditions) and high input level using climate data source CRUTS32 based on Historical,1981-2010,CRUTS32,Historical,White yam,Available water content of 200 mm/m (under irrigation conditions),High,mm,Growth Cycle Attributes - Precipitation, https://s3.eu-west-1.amazonaws.com/data.gaezdev.aws.fao.org/res02/CRUTS32/Hist/8110H/wyam200a_wde.tif,000274820
wyam200b_wde,\res02\CRUTS32\Hist\8110H\wyam200b_wde.tif,Growth Cycle Attributes,Crop water deficit (mm),Crop water deficit (mm) for the time period 1981-2010 for White yam with an Available water content of 200 mm/m (under rain-fed conditions) and high input level using climate data source CRUTS32 based on Historical,1981-2010,CRUTS32,Historical,White yam,Available water content of 200 mm/m (under rain-fed conditions),High,mm,Growth Cycle Attributes - Precipitation, https://s3.eu-west-1.amazonaws.com/data.gaezdev.aws.fao.org/res02/CRUTS32/Hist/8110H/wyam200b_wde.tif,000275434
yams200a_wde,\res02\CRUTS32\Hist\8110H\yams200a_wde.tif,Growth Cycle Attributes,Crop water deficit (mm),Crop water deficit (mm) for the time period 1981-2010 for Yam with an Available water content of 200 mm/m (under irrigation conditions) and high input level using climate data source CRUTS32 based on Historical,1981-2010,CRUTS32,Historical,Yam,Available water content of 200 mm/m (under irrigation conditions),High,mm,Growth Cycle Attributes - Precipitation, https://s3.eu-west-1.amazonaws.com/data.gaezdev.aws.fao.org/res02/CRUTS32/Hist/8110H/yams200a_wde.tif,000273811
yams200b_wde,\res02\CRUTS32\Hist\8110H\yams200b_wde.tif,Growth Cycle Attributes,Crop water deficit (mm),Crop water deficit (mm) for the time period 1981-2010 for Yam with an Available water content of 200 mm/m (under rain-fed conditions) and high input level using climate data source CRUTS32 based on Historical,1981-2010,CRUTS32,Historical,Yam,Available water content of 200 mm/m (under rain-fed conditions),High,mm,Growth Cycle Attributes - Precipitation, https://s3.eu-west-1.amazonaws.com/data.gaezdev.aws.fao.org/res02/CRUTS32/Hist/8110H/yams200b_wde.tif,000273173
yyam200a_wde,\res02\CRUTS32\Hist\8110H\yyam200a_wde.tif,Growth Cycle Attributes,Crop water deficit (mm),Crop water deficit (mm) for the time period 1981-2010 for Yellow yam with an Available water content of 200 mm/m (under irrigation conditions) and high input level using climate data source CRUTS32 based on Historical,1981-2010,CRUTS32,Historical,Yellow yam,Available water content of 200 mm/m (under irrigation conditions),High,mm,Growth Cycle Attributes - Precipitation, https://s3.eu-west-1.amazonaws.com/data.gaezdev.aws.fao.org/res02/CRUTS32/Hist/8110H/yyam200a_wde.tif,000274945
yyam200b_wde,\res02\CRUTS32\Hist\8110H\yyam200b_wde.tif,Growth Cycle Attributes,Crop water deficit (mm),Crop water deficit (mm) for the time period 1981-2010 for Yellow yam with an Available water content of 200 mm/m (under rain-fed conditions) and high input level using climate data source CRUTS32 based on Historical,1981-2010,CRUTS32,Historical,Yellow yam,Available water content of 200 mm/m (under rain-fed conditions),High,mm,Growth Cycle Attributes - Precipitation, https://s3.eu-west-1.amazonaws.com/data.gaezdev.aws.fao.org/res02/CRUTS32/Hist/8110H/yyam200b_wde.tif,000275791
